Test ID,Has applicant ever operated under a different name?,Does applicant have other carrier operations?,Describe other operations,Does insured subcontract to other parties?,Subcontracting basis,Describe other subcontracting basis,Subcontractors responsible for cargo loss?,Maintains copies of subcontractor insurance?,Is the owner also listed as a driver?,Has insured had coverage in the last 3 years?,Insurance placed through Commonwealth Underwriters?,Any insurer canceled / non-renewed in last 3 years?,Details for reasons of non-renewal,Prior carrier information known?,Prior carrier name,Prior perils form,Prior policy premium ($),Prior policy deductible ($),Prior policy limit ($),Prior policy expiration date,Was a renewal offer made?,Consecutive coverage >= 12 months?,Years of experience in same type of work,Prior employment information known?,Vehicles rented for each job?,Does insured lease / loan / rent equipment to others?,All vehicles titled under named insured?,Steps taken to secure vehicles,Owns equipment other than vehicles listed?,Reasons for not requesting Insurance (PhysDam Only),Any vehicles driven by an owner? (PhysDam Only),Equipment regularly inspected and serviced? (PhysDam Only),Interval (PhysDam Only),"Gross Vehicle Weight of any Unit greater than 26,000 lbs?",Any drivers have less than 2 years with a Commercial Driver's License Class A (CDL-A),Employer Name,Phone,Address,Start Date,End Date,Unit Type Operated,Commodities Hauled,Radius,Object to Verification?
TS-001,No,No,,Yes,Long Lease (30+ days),,No,Yes,Yes,Yes,No,No,,Yes,Atlantic Freight Insurance Co.,Broad Form,$18400,$1000,$750000,07/17/2026,Yes,Yes,,,No,No,Yes,"GPS tracking, locked yard, driver key control, and after-hours gate access.",Yes,Covered under separate inland marine policy,Yes,Yes,Daily,No,,Pioneer Freight LLC,(804) 555-0140,"4550 Commerce Pkwy, Providence, RI 02903",08/08/2026,08/08/2027,Straight Truck,Packaged consumer goods,0-100 Miles,No
TS-002,No,Yes,Brokered expedited freight coordination through a related logistics entity.,Yes,Other,Subcontracts refrigerated overflow routes to approved motor carriers.,Yes,Yes,No,Yes,No,No,,Yes,Mid-Atlantic Cargo Underwriters,Broad Form incl. Reefer Breakdown,$22950,$2500,$1000000,2026-07-07 00:00:00,Yes,Yes,,,Yes,No,Yes,"Telematics, fenced lot, ignition key cabinet, and driver check-in procedures.",No,,Yes,Yes,Monthly,No,,Harbor View Transport Inc.,(410) 555-0190,"8700 Pulaski Hwy, Rapid City, SD 57701",07/12/2026,07/12/2027,Tractor,Refrigerated groceries and dairy,100-500 Miles,No
TS-003,No,No,,No,,,,,Yes,No,No,No,,No,,,,,,,,,4.0,Yes,Yes,No,No,"Nightly yard lockup, steering wheel locks on high-value units, and dispatch sign-out logs.",Yes,Covered under separate inland marine policy,No,Yes,Daily,No,,District Parcel Services,(202) 555-0138,"925 H St NE, Pierre, SD 57501",07/12/2026,07/12/2027,Van,Time-sensitive small parcels,Over 500 Miles,Yes
TS-003,,,,,,,,,,,,,,,,,,,,,,,,,,,,,,,No,Yes,Yearly,No,,Green Valley Distribution,(505) 555-0193,"2200 Coors Blvd NW, Albuquerque, NM 87120",09/01/2026,09/01/2027,Straight Truck,"Cartons, paper rolls, and packaging supplies",0-100 Miles,No
TS-003,,,,,,,,,,,,,,,,,,,,,,,,,,,,,,,No,Yes,Monthly,No,,Lone Star Home Delivery,(214) 555-0167,"7700 N Stemmons Fwy, Dallas, TX 75247",09/05/2026,09/05/2027,Box Truck,Residential furniture and fixtures,100-500 Miles,Yes
TS-003,,,,,,,,,,,,,,,,,,,,,,,,,,,,,,,Yes,Yes,Daily,No,,Cascadia Produce Express,(503) 555-0142,"9800 NE Airport Way, Portland, OR 97220",09/10/2026,09/10/2027,Reefer Truck,Fresh produce and grocery items,Over 500 Miles,No
TS-004,No,Yes,Operates a small warehousing division that handles cross-dock services for dedicated customers.,Yes,Long Lease (30+ days),,No,Yes,No,Yes,No,No,,Yes,Keystone Motor & Cargo Co.,Named Peril Form,$31200,$5000,$1500000,07/16/2026,Yes,Yes,,,No,Yes,Yes,"Fenced yard, alarm monitoring, GPS units, and daily fleet inspections.",No,,No,Yes,Daily,No,,Liberty Haulage Corporation,(215) 555-0112,"3100 Grant Ave, Houston, TX 77002",08/25/2026,08/25/2027,Reefer Truck,Retail distribution freight,0-100 Miles,No
TS-005,No,No,,Yes,Other,Occasionally uses owner-operators for temperature-controlled overflow deliveries.,No,Yes,Yes,Yes,No,No,,Yes,Carolina Transportation Insurance Group,Named Peril Form incl. Reefer Breakdown,$19875,$2500,$1000000,2026-08-03 00:00:00,Yes,Yes,,,No,No,Yes,"Secure yard fencing, motion lights, GPS tracking, and driver lockbox procedures.",No,,Yes,Yes,Yearly,No,,Triangle Refrigerated Transport,(919) 555-0109,"7400 Westgate Rd, Provo, UT 84601",08/21/2026,08/21/2027,Reefer Truck,Frozen foods and produce,100-500 Miles,No
TS-006,No,No,,No,,,,,No,Yes,No,No,,Yes,Mountain State Commercial Insurance,Broad Form,$11200,$1000,$500000,07/13/2026,Yes,Yes,,,No,No,Yes,"Locked indoor bay, keypad access, overnight alarm system, and ignition key control.",Yes,No other owned equipment reported,Yes,Yes,Daily,No,,Appalachian Delivery Services,(304) 555-0116,"1900 MacCorkle Ave SE, Ogden, UT 84401",08/14/2026,08/14/2027,Flatbed,Lumber and construction supplies,Over 500 Miles,No
TS-007,No,Yes,Owns a small freight brokerage and a separate last-mile courier division.,Yes,Long Lease (30+ days),,Yes,Yes,No,Yes,Yes,No,,Yes,Atlantic Coast Freight Insurance,Broad Form incl. Reefer Breakdown,$40500,$5000,$2000000,2026-07-15 00:00:00,Yes,Yes,,,Yes,Yes,No,"GPS on all units, fenced parking, subcontractor vetting, and photo-documented dispatch releases.",No,,No,Yes,Daily,No,,Metro Beverage Transport,(312) 555-0184,"1550 W Lake St, Chicago, IL 60607",08/20/2026,08/20/2027,Box Truck,"Wine, craft beer, and non-alcoholic beverages",0-100 Miles,Yes
TS-008,No,No,,No,,,,,Yes,No,No,No,,No,,,,,,,,,3.0,No,Yes,No,Yes,"Basic lot lighting, wheel chocks, and nightly driver check-out of keys.",No,,Yes,Yes,Yearly,No,,Mid-State Heavy Haul,(615) 555-0148,"8800 Centennial Blvd, Nashville, TN 37209",08/18/2026,08/18/2027,Tractor,Industrial machinery and oversized equipment,100-500 Miles,No
TS-009,No,No,,Yes,Other,Limited use of subcontracted owner-operators for regional lanes.,No,Yes,No,Yes,No,No,,Yes,Eastern Regional Cargo Insurers,Named Peril Form,$16750,$2500,$750000,07/16/2026,Yes,Yes,,,No,No,Yes,"GPS tracking, secured yard, daily inspection logs, and secure parking agreements.",Yes,No additional equipment owned,Yes,Yes,Monthly,Yes,Yes,Precision Tech Logistics,(602) 555-0137,"4100 S 38th St, Phoenix, AZ 85040",08/30/2026,08/30/2027,Van,Consumer electronics and accessories,Over 500 Miles,No
TS-010,No,Yes,Operates a dedicated warehousing and transload service for its own cargo customers.,Yes,Long Lease (30+ days),,No,Yes,Yes,Yes,No,Yes,Excessive claims history during the policy term.,Yes,Northeast Logistics Mutual,Named Peril Form incl. Reefer Breakdown,$28600,$5000,$1500000,2026-08-07 00:00:00,Yes,Yes,,,No,Yes,Yes,"Monitored yard, engine immobilizers, access cards, and daily trailer seal checks.",Yes,Covered under separate inland marine policy,No,Yes,Monthly,No,,Green Valley Distribution,(505) 555-0193,"2200 Coors Blvd NW, Albuquerque, NM 87120",09/01/2026,09/01/2027,Straight Truck,"Cartons, paper rolls, and packaging supplies",0-100 Miles,No
TS-011,No,No,,No,,,,,No,Yes,No,No,,Yes,Valley Freight & Cargo Insurance,Broad Form,$9400,$1000,$500000,08/25/2026,Yes,Yes,,,No,No,Yes,"Fence perimeter, alarm cameras, driver key sign-out, and parked-in pairs at night.",Yes,No other owned equipment reported,Yes,Yes,Daily,No,,Lone Star Home Delivery,(214) 555-0167,"7700 N Stemmons Fwy, Dallas, TX 75247",09/05/2026,09/05/2027,Box Truck,Residential furniture and fixtures,100-500 Miles,Yes
TS-012,No,No,,Yes,Long Lease (30+ days),,No,Yes,Yes,No,No,No,,No,,,,,,,,,5.0,Yes,Yes,No,No,"GPS devices, warehouse security cards, locked trailers, and nightly fleet audits.",No,,No,Yes,Weekly,Yes,No,Cascadia Produce Express,(503) 555-0142,"9800 NE Airport Way, Portland, OR 97220",09/10/2026,09/10/2027,Reefer Truck,Fresh produce and grocery items,Over 500 Miles,No
TS-013,No,Yes,Separate freight brokerage and limited warehouse storage for customer product.,Yes,Other,Subcontracts linehaul overflow to approved carriers with active COIs.,Yes,Yes,No,Yes,No,No,,Yes,Coastal Cargo Insurance Agency,Broad Form incl. Reefer Breakdown,$35500,$2500,$2000000,2026-07-10 00:00:00,Yes,Yes,,,No,Yes,Yes,"Electronic gate access, GPS tracking, alarmed yard, and subcontractor compliance reviews.",No,,No,Yes,Weekly,No,,Atlantic Office Supply Carrier,(919) 555-0181,"1250 Capital Blvd, Raleigh, NC 27603",09/15/2026,09/15/2027,Van,Office paper and supplies,0-100 Miles,No
TS-014,No,No,,No,,,,,Yes,Yes,No,No,,Yes,Summit Transportation Insurance,Named Peril Form,$12850,$1000,$750000,07/21/2026,Yes,Yes,,,No,No,Yes,"Secured parking lot, night alarm, lockbox for keys, and weekly vehicle audits.",No,,No,Yes,Monthly,No,,Capital City Wine & Spirits Transport,(617) 555-0199,"400 Summer St, Boston, MA 02210",09/20/2026,09/20/2027,Straight Truck,"Beer, wine, and spirits",100-500 Miles,Yes
TS-015,Yes,No,,Yes,Long Lease (30+ days),,No,Yes,No,Yes,Yes,Yes,Failure to meet underwriting eligibility requirements,Yes,Great Plains Cargo Underwriters,Named Peril Form incl. Reefer Breakdown,$22100,$2500,$1000000,2026-08-07 00:00:00,Yes,Yes,,,Yes,No,No,"GPS tracking, weekend yard patrols, lockable trailer seals, and driver training on theft prevention.",No,,Yes,Yes,Monthly,No,,Rocky Mountain Steel Haulers,(303) 555-0174,"7000 E 47th Ave, Denver, CO 80216",09/25/2026,09/25/2027,Flatbed,Steel coils and fabricated metal,Over 500 Miles,No
TS-016,No,Yes,Runs a dispatch-only affiliate that coordinates loads for owner-operators.,Yes,Other,Subcontracts specialized freight to approved regional motor carriers.,No,Yes,No,Unknown,No,No,,No,,,,,,,,,2.0,No,Yes,No,Yes,"Parking garage at night, dash cameras, key control, and routine route verification.",Yes,No additional equipment owned,Yes,Yes,Weekly,Yes,No,Northeast Health Logistics,(518) 555-0128,"1600 Broadway, Albany, NY 12207",10/01/2026,10/01/2027,Reefer Truck,Medical supplies and healthcare products,0-100 Miles,No
TS-017,Yes,No,,Yes,Long Lease (30+ days),,Yes,Yes,Yes,Yes,No,No,,Yes,Piedmont Freight Mutual,Broad Form,$27400,$5000,$1500000,2026-07-13 00:00:00,Yes,Yes,,,No,No,Yes,"Fenced lot, motion detectors, live camera monitoring, and sealed trailer doors.",Yes,Covered under separate inland marine policy,No,Yes,Weekly,No,,Southeast Freight Solutions,(404) 555-0156,"200 Peachtree St NW, Atlanta, GA 30303",10/05/2026,10/05/2027,Straight Truck,Mixed general freight,100-500 Miles,No
TS-018,No,No,,No,,,,,No,Yes,No,No,,Yes,River Valley Transportation Ins.,Broad Form incl. Reefer Breakdown,$9900,$1000,$500000,2026-01-08 00:00:00,Yes,Yes,,,No,No,Yes,"Indoor overnight parking, locked gate, key log book, and periodic security checks.",No,,Yes,Yes,Daily,No,,Prairie Grain Transport,(316) 555-0187,"1100 S Topeka Ave, Wichita, KS 67211",10/10/2026,10/10/2027,Hopper Trailer,Grain and feed ingredients,Over 500 Miles,No
TS-019,Yes,Yes,Has a separate warehouse management company and a small freight brokerage.,Yes,Long Lease (30+ days),,No,Yes,No,Yes,No,No,,Yes,North Star Cargo Insurance,Named Peril Form,$24850,$2500,$1000000,07/23/2026,Yes,Yes,,,Yes,Yes,No,"Telematics, alarmed yard, subcontractor COI verification, and nightly dispatch reconciliation.",No,,Yes,Yes,Yearly,Yes,Yes,Northern Retail Logistics,(612) 555-0119,"900 2nd Ave S, Minneapolis, MN 55402",10/15/2026,10/15/2027,Van,"Clothing, shoes, and store fixtures",0-100 Miles,Yes
TS-020,No,No,,No,,,,,Yes,No,No,No,,No,,,,,,,,,1.0,No,Yes,No,Yes,"Basic fenced parking, locked ignition keys, and same-day return check-in process.",Yes,No additional equipment owned,Yes,Yes,Daily,No,,Sunbelt Construction Supply Haulers,(813) 555-0179,"3400 W Kennedy Blvd, Tampa, FL 33609",10/20/2026,10/20/2027,Flatbed,"Lumber, drywall, and roofing materials",100-500 Miles,No
TS-021,No,Yes,Operates a small regional freight brokerage and dispatch support service.,Yes,Long Lease (30+ days),,No,Yes,Yes,Yes,No,No,,Yes,Summit Cargo Assurance,Named Peril Form incl. Reefer Breakdown,$13750,$1500,$750000,2026-05-08 00:00:00,Yes,Yes,,,No,No,Yes,"Secure fenced lot, key control log, dash cameras, and overnight check-in procedures.",Yes,Covered under separate inland marine policy,No,Yes,Yearly,Yes,Yes,Lone Star Fresh Logistics,(214) 555-0201,"1801 N Lamar St, Dallas, TX 75202",10/25/2026,10/25/2027,Reefer Truck,"Packaged produce, dairy, and frozen foods",Over 500 Miles,No
TS-022,Yes,No,,No,,,,,No,Yes,No,No,,Yes,Atlantic Inland Insurance,Broad Form,$8450,$1000,$500000,2026-07-23 00:00:00,Yes,Yes,,,Yes,No,No,"GPS tracking, locked chain-link yard, alarm system, and driver sign-out sheets.",No,,Yes,Yes,Daily,Yes,No,Bluewater Beverage Transport,(561) 555-0224,"2200 W Atlantic Ave, Delray Beach, FL 33445",11/01/2026,11/01/2027,Van,"Beer, wine, and non-spirits beverage freight",0-100 Miles,Yes
TS-023,No,No,,Yes,Other,Subcontracts flatbed loads during peak demand periods only.,Yes,Yes,No,No,No,No,,No,,,,,,,,,3.0,No,No,No,Yes,"Nightly indoor parking, steering wheel locks, and tamper-evident seals on cargo doors.",Yes,No other owned equipment reported,No,Yes,Daily,Yes,Yes,Rock Ridge Heavy Haul,(303) 555-0238,"4100 Brighton Blvd, Denver, CO 80216",10/30/2026,10/30/2027,Flatbed,"Excavator attachments, skid steers, and machinery parts",100-500 Miles,No
TS-024,Yes,Yes,Owns a warehousing business and provides cross-docking services for local shippers.,Yes,Long Lease (30+ days),,No,Yes,Yes,Yes,No,No,,Yes,Northpoint Motor Cargo,Broad Form incl. Reefer Breakdown,$22100,$2500,$1000000,07/22/2026,Yes,Yes,,,Yes,Yes,No,"Telematics, gated yard, employee badge access, and weekly COI review for subcontractors.",No,,Yes,Yes,Monthly,No,,Midwest Paper Supply Lines,(913) 555-0246,"1200 S 7th St, Kansas City, KS 66105",11/15/2026,11/15/2027,Box Truck,"Paper goods, cartons, and office supplies",Over 500 Miles,No
TS-025,No,No,,No,,,,,Yes,Yes,No,No,,Yes,Continental Freight Underwriters,Named Peril Form,$9600,$1000,$750000,07/31/2026,Yes,Yes,,,No,No,Yes,"Indoor parking after hours, locked cab policy, and monthly fleet inventory reconciliations.",Yes,No additional equipment owned,Yes,Yes,Yearly,No,,Sunbelt Auto Distribution,(704) 555-0257,"2500 South Blvd, Charlotte, NC 28203",12/01/2026,12/01/2027,Straight Truck,"Aftermarket parts, tires, and brake components",0-100 Miles,Yes
TS-026,Yes,No,,Yes,Other,Occasionally uses subcontracted drivers on holiday rush routes.,No,Yes,No,Yes,No,No,,Yes,Keystone Transit Insurance,Named Peril Form incl. Reefer Breakdown,$11850,$2000,$500000,2026-07-03 00:00:00,No,Yes,,,Yes,No,No,"Fenced lot, motion lighting, GPS tracking, and two-step driver dispatch authorization.",Yes,No additional equipment owned,Yes,Yes,Daily,Yes,Yes,River City Moving Freight,(513) 555-0264,"710 Vine St, Cincinnati, OH 45202",12/08/2026,12/08/2027,Van,"Furniture, boxed household goods, and appliances",100-500 Miles,No
TS-027,No,Yes,Operates a small local moving service and seasonal storage unit transport.,No,,,,,Yes,No,No,No,,No,,,,,,,,,2.0,No,Yes,No,Yes,"Basic locked parking, ignition key control, and end-of-day vehicle count.",Yes,Covered under separate inland marine policy,No,Yes,Daily,No,,Pacific Tech Freight,(206) 555-0279,"4001 5th Ave, Seattle, WA 98121",12/15/2026,12/15/2027,Reefer Truck,Consumer electronics and computer accessories,Over 500 Miles,Yes
TS-028,Yes,Yes,Operates a freight forwarding desk and a small storage trailer rental business.,Yes,Long Lease (30+ days),,No,Yes,No,Yes,No,No,,Yes,Midland Cargo Mutual,Broad Form,$17400,$1500,$1000000,2026-01-09 00:00:00,Yes,Yes,,,No,Yes,No,"Monitored yard cameras, locked perimeter, driver ID verification, and secured trailer seals.",Yes,Covered under separate inland marine policy,No,Yes,Daily,No,,Gulf Coast Cold Chain,(228) 555-0286,"900 Beach Blvd, Biloxi, MS 39530",12/20/2026,12/20/2027,Reefer Truck,"Frozen seafood, meats, and prepared meals",0-100 Miles,No
TS-029,No,No,,No,,,,,Yes,Yes,No,No,,Yes,Pinnacle Road Assurance,Broad Form incl. Reefer Breakdown,$6800,$1000,$500000,07/21/2026,Yes,Yes,,,No,No,Yes,"Locked garage parking, weekly maintenance checks, and key sign-out procedures.",No,,Yes,Yes,Weekly,No,,Great Lakes Steel Haulers,(313) 555-0293,"1555 W Fort St, Detroit, MI 48216",01/02/2027,01/02/2028,Flatbed,"Steel beams, coils, and fabricated metal sections",100-500 Miles,No
TS-030,Yes,No,,Yes,Long Lease (30+ days),,Yes,Yes,Yes,Yes,No,No,,Yes,Harborline Transport Insurance,Named Peril Form,$14900,$2000,$750000,2026-08-07 00:00:00,Yes,Yes,,,Yes,No,Yes,"GPS fleet monitoring, fenced storage, alarm codes, and driver pre-trip security checklist.",No,,Yes,Yes,Weekly,Yes,No,Capital City Beverage Movers,(614) 555-0308,"600 Goodale Blvd, Columbus, OH 43215",01/10/2027,01/10/2028,Van,"Soft drinks, juice, and bottled water",Over 500 Miles,Yes
TS-031,No,Yes,Owns a small pallet redistribution service serving local wholesalers.,No,,,,,No,No,No,No,,No,,,,,,,,,1.0,No,Yes,No,No,"Night lighting, steering locks, and same-day vehicle return controls.",Yes,No other owned equipment reported,No,Yes,Daily,No,,Delta Industrial Supply Transport,(225) 555-0316,"101 Main St, Baton Rouge, LA 70801",01/15/2027,01/15/2028,Straight Truck,"Plastic pellets, resins, and industrial containers",0-100 Miles,No
TS-032,Yes,Yes,Maintains a separate truck brokerage and short-term equipment leasing business.,Yes,Other,Uses subcontractors for specialty freight and extra lane coverage.,No,Yes,No,Yes,No,No,,Yes,Interstate Cargo Security,Named Peril Form incl. Reefer Breakdown,$19300,$2500,$1000000,2026-02-07 00:00:00,Yes,Yes,,,No,Yes,No,"Cameras, fence access cards, COI tracking, and locked trailer seals at dispatch.",No,,Yes,Yes,Monthly,Yes,Yes,Desert Home Delivery,(602) 555-0324,"855 E Jefferson St, Phoenix, AZ 85034",02/01/2027,02/01/2028,Box Truck,Residential furniture and home décor,100-500 Miles,No
TS-033,No,No,,No,,,,,Yes,Yes,No,No,,Yes,Prairie State Motor Cargo,Broad Form,$11200,$1000,$500000,2026-01-06 00:00:00,Yes,Yes,,,No,No,Yes,"Indoor garage parking, alarms, and a written key custody procedure.",Yes,No other equipment owned,No,Yes,Yearly,No,,Appalachian Wholesale Freight,(423) 555-0339,"1200 Market St, Chattanooga, TN 37402",02/10/2027,02/10/2028,Van,"Cigarettes, cigars, and retail tobacco accessories",Over 500 Miles,Yes
TS-034,Yes,No,,Yes,Long Lease (30+ days),,No,Yes,Yes,Yes,No,No,,Yes,Coastal Freight Indemnity,Broad Form incl. Reefer Breakdown,$15600,$1500,$750000,2026-02-24 00:00:00,Yes,Yes,,,Yes,No,No,"Secured lot, alarm codes changed monthly, and telematics monitoring on all tractors.",No,,Yes,Yes,Yearly,No,,Metro Apparel Transport,(617) 555-0347,"88 Seaport Blvd, Boston, MA 02210",02/20/2027,02/20/2028,Van,"Garments, fabric rolls, and fashion accessories",0-100 Miles,No
TS-035,No,Yes,Operates a small courier aggregation platform and route planning consultancy.,Yes,Other,Uses subcontractors for dedicated route overflow and weekend lanes.,No,Yes,No,No,No,No,,No,,,,,,,,,4.0,No,No,No,Yes,"Fenced yard, keypad-controlled access, and end-of-day dispatch reconciliation.",Yes,Insured wants all applicable equipment scheduled,No,Yes,Monthly,No,,North Plains Retail Logistics,(402) 555-0356,"1400 O St, Lincoln, NE 68508",03/01/2027,03/01/2028,Straight Truck,General merchandise and seasonal store inventory,100-500 Miles,No
TS-036,No,Yes,Owns a warehouse handling service and a local last-mile delivery unit.,No,,,,,Yes,Yes,No,No,,Yes,National Corridor Insurance,Named Peril Form,$9800,$2000,$500000,2026-02-12 00:00:00,Yes,Yes,,,Yes,Yes,No,"Indoor storage, remote alarm notifications, and weekly yard inspections.",Yes,No other owned equipment reported,No,Yes,Yearly,Yes,No,Interstate Machinery Movers,(816) 555-0362,"201 E 18th St, Kansas City, MO 64108",03/15/2027,03/15/2028,Flatbed,"Industrial presses, generators, and heavy equipment",Over 500 Miles,Yes
TS-037,No,No,,Yes,Long Lease (30+ days),,Yes,Yes,No,Yes,No,No,,Yes,Gulf Coast Cargo Risk,Named Peril Form incl. Reefer Breakdown,$16800,$1500,$1000000,2026-03-04 00:00:00,Yes,Yes,,,No,No,Yes,"Telematics, motion alarms, locked perimeter, and daily cargo seal review.",Yes,No other owned equipment reported,No,Yes,Daily,No,,Capital Region Office Supply,(518) 555-0375,"99 Washington Ave, Albany, NY 12210",03/20/2027,03/20/2028,Van,"Copy paper, envelopes, and packing materials",0-100 Miles,No
TS-038,No,No,,Yes,Long Lease (30+ days),,No,Yes,Yes,Yes,No,No,,Yes,Redwood Transport Assurance,Broad Form,$12400,$1000,$750000,02/30/2026,No,Yes,,,Yes,No,No,"Controlled parking lot, locks on ignition cabinets, and daily truck location checks.",No,,Yes,Yes,Monthly,Yes,No,Glenwood Grocery Transport,(704) 555-0388,"300 S Tryon St, Charlotte, NC 28202",04/01/2027,04/01/2028,Reefer Truck,Packaged groceries and chilled dairy items,100-500 Miles,No
TS-039,No,Yes,Operates a brokerage desk and maintains a limited warehouse transfer service.,No,,,,,No,Unknown,No,No,,No,,,,,,,,,2.0,No,Yes,No,Yes,"Basic fenced storage, key lockbox, and shift-end vehicle counts.",Yes,No other equipment owned,No,Yes,Monthly,No,,Sierra Industrial Freight,(505) 555-0394,"500 Marquette Ave NW, Albuquerque, NM 87102",04/10/2027,04/10/2028,Straight Truck,Non-hazmat industrial supplies; excluded loads are not accepted,Over 500 Miles,Yes
TS-040,No,Yes,Owns a regional cartage business and a small equipment transfer company.,Yes,Other,Subcontracts specialty loads and overflow freight as needed.,No,Yes,Yes,Yes,No,No,,Yes,Summit Ridge Cargo Insurance,Broad Form incl. Reefer Breakdown,$20250,$2500,$1000000,02/31/2026,Yes,Yes,,,No,Yes,No,"Electronic gate, CCTV, driver authentication, and weekly subcontractor insurance audit.",No,,Yes,Yes,Yearly,No,,Harvest Line Transport,(785) 555-0403,"700 K St, Topeka, KS 66603",04/25/2027,04/25/2028,Hopper Trailer,"Corn, soybeans, and animal feed ingredients",0-100 Miles,No
TS-041,No,No,,Yes,Long Lease (30+ days),,No,Yes,Yes,Yes,No,No,,Yes,Pinnacle Freight Indemnity,Named Peril Form,$15800,$1500,$1000000,02/30/2026,Yes,Yes,,,No,No,Yes,"Fenced yard, keyed ignition lock boxes, GPS tracking, and end-of-day vehicle count.",Yes,Insured wants all applicable equipment scheduled,No,Yes,Weekly,Yes,No,Metroline Freight Services,(612) 555-1041,"1440 Nicollet Ave, Minneapolis, MN 55403",05/01/2027,05/01/2028,Box Truck,"Packaged consumer goods, store fixtures, and non-perishable retail merchandise",100-500 Miles,No
TS-042,No,Yes,Operates a small warehouse cross-dock and final-mile courier service.,No,,,,,No,Unknown,No,No,,No,,,,,,,,,4.0,No,Yes,No,Yes,"Locked yard access, motion lighting, and driver sign-out logs.",Yes,No additional equipment owned,Yes,Yes,Monthly,Yes,Yes,Summit Plate & Lumber Transport,(317) 555-1042,"880 W Washington St, Indianapolis, IN 46204",05/11/2027,05/11/2028,Flatbed,"Steel plate, dimensional lumber, and palletized construction materials",Over 500 Miles,Yes
TS-043,No,Yes,Also runs a temperature-controlled freight brokerage and reefer transfer service.,Yes,Long Lease (30+ days),,No,Yes,Yes,Yes,No,No,,Yes,Summit Harbor Cargo Insurance,Named Peril Form incl. Reefer Breakdown,$21950,$2500,$1500000,2026-04-07 00:00:00,Yes,Yes,,,No,Yes,No,"Cameras, geofenced dispatch app, alarm system, and weekly insurance certificate review.",No,,Yes,Yes,Daily,Yes,No,Capital City Beverage Logistics,(512) 555-1043,"401 Congress Ave, Austin, TX 78701",05/20/2027,05/20/2028,Dry Van,"Beer, wine, and spirits for licensed distributors and retailers",0-100 Miles,No
TS-044,No,No,,Yes,Other,Uses owner-operators for same-day overflow and linehaul coverage.,Yes,Yes,No,Yes,No,No,,Yes,Crestline Transport Underwriters,Broad Form,$10400,$1000,$750000,04/31/2026,No,Yes,,,No,No,Yes,"Secure fenced lot, telematics, door seals, and after-hours yard checks.",No,,Yes,Yes,Yearly,No,,Pine State Paper Transport,(919) 555-1044,"700 S Salisbury St, Raleigh, NC 27601",05/30/2027,05/30/2028,Straight Truck,"Paper towels, tissue, office paper, and corrugated packaging",100-500 Miles,No
TS-045,Yes,No,,No,,,,,Yes,Unknown,No,No,,No,,,,,,,,,3.0,Yes,Yes,No,No,"Nightly lockup in shared terminal, wheel locks, and driver cellphone check-ins.",Yes,No other equipment owned,No,Yes,Yearly,Yes,No,Lakeside Relocation Carriers,(414) 555-1045,"1200 E Wisconsin Ave, Milwaukee, WI 53202",06/01/2027,06/01/2028,Moving Van,"Residential furnishings, boxed personal effects, and relocation goods; no excluded items accepted",Over 500 Miles,Yes
TS-045,,,,,,,,,,,,,,,,,,,,,,,,,,,,,No,,Yes,Yes,Yearly,No,,Cascadia Produce Express,(503) 555-0142,"9800 NE Airport Way, Portland, OR 97220",09/10/2026,09/10/2027,Reefer Truck,Fresh produce and grocery items,Over 500 Miles,No
TS-045,,,,,,,,,,,,,,,,,,,,,,,,,,,,,Yes,Insured wants all applicable equipment scheduled,No,Yes,Yearly,No,,Atlantic Heavy Haul Group,(617) 555-1058,"60 State St, Boston, MA 02109",10/01/2027,10/01/2028,Lowboy Trailer,"Mini excavators, skid steers, and oversized jobsite equipment",0-100 Miles,Yes
TS-045,,,,,,,,,,,,,,,,,,,,,,,,,,,,,Yes,No additional equipment owned,Yes,Yes,Monthly,Yes,,Ozark Parcel Transport,(479) 555-1059,"500 Rogers Ave, Fort Smith, AR 72901",10/10/2027,10/10/2028,Step Van,"Small parcels, document pouches, and time-sensitive mail",100-500 Miles,No
TS-045,,,,,,,,,,,,,,,,,,,,,,,,,,,,,Yes,No other equipment owned,No,Yes,Daily,No,,Sun Coast Pet Freight,(813) 555-1060,"400 N Ashley Dr, Tampa, FL 33602",10/18/2027,10/18/2028,Dry Van,"Bagged pet food, litter, crates, and accessory inventory",Over 500 Miles,No
TS-045,,,,,,,,,,,,,,,,,,,,,,,,,,,,,Yes,No other equipment owned,No,Yes,Weekly,No,,Summit Paper Logistics LLC,(206) 555-1061,"1848 Westlake Ave N, Seattle, WA 98109",10/25/2027,10/25/2028,Dry Van,"Copy paper, corrugated cartons, and printed office supplies",0-100 Miles,No
TS-045,,,,,,,,,,,,,,,,,,,,,,,,,,,,,No,,Yes,Yes,Daily,No,,Gulf Coast Beverage Transport Inc.,(504) 555-1062,"930 Poydras St, New Orleans, LA 70112",11/01/2027,11/01/2028,Dry Van,"Packaged beverages, bottled water, and specialty mixers",100-500 Miles,Yes
TS-045,,,,,,,,,,,,,,,,,,,,,,,,,,,,,Yes,Insured wants all applicable equipment scheduled,No,Yes,Yearly,Yes,,Rocky Ridge Steel Haulers,(303) 555-1063,"1400 Blake St, Denver, CO 80202",10/02/2027,10/02/2028,Flatbed,"Steel beams, plate steel, and oversized fabrication material",Over 500 Miles,No
TS-045,,,,,,,,,,,,,,,,,,,,,,,,,,,,,Yes,No additional equipment owned,Yes,Yes,Monthly,Yes,,Metro Secure Freight Services,(312) 555-1064,"225 W Wacker Dr, Chicago, IL 60606",10/15/2027,10/15/2028,Dry Van,Consumer electronics and boxed accessories,0-100 Miles,Yes
TS-045,,,,,,,,,,,,,,,,,,,,,,,,,,,,,No,,Yes,Yes,Weekly,No,,Bluegrass Home Delivery Co.,(502) 555-1065,"500 W Jefferson St, Louisville, KY 40202",11/15/2027,11/15/2028,Box Truck,"Assembled furniture, packaged chairs, and home décor items",100-500 Miles,No
TS-046,No,Yes,Limited warehouse-to-store transfer and local parcel pickup operations.,Yes,Long Lease (30+ days),,No,Yes,No,Yes,No,No,,Yes,Atlantic Shield Cargo Co.,Broad Form incl. Reefer Breakdown,$13275,$2000,$1000000,2026-02-19 00:00:00,Yes,Yes,,,No,No,Yes,"Fenced yard, camera coverage, driver PIN access, and monthly key audit.",Yes,No other equipment owned,No,Yes,Monthly,No,,Sun Valley Food Transport,(602) 555-1066,"1201 N Central Ave, Phoenix, AZ 85004",10/28/2027,10/28/2028,Reefer Truck,"Packaged frozen foods, produce, and dry grocery items",Over 500 Miles,No
TS-047,Yes,Yes,Also manages a small backhaul coordination desk and storage transfer service.,Yes,Other,Subcontracts local cartage when driver hours are capped.,No,Yes,Yes,Yes,No,No,,Yes,Northstar Haul Insurance Group,Named Peril Form,$17600,$2500,$1000000,2026-03-05 00:00:00,No,Yes,,,No,Yes,No,"Secured lot, steering wheel locks, GPS, and daily driver accountability logs.",No,,Yes,Yes,Monthly,Yes,,Front Range Steel Haulers,(303) 555-1047,"1801 California St, Denver, CO 80202",06/20/2027,06/20/2028,Flatbed,"Coils, rebar bundles, structural steel, and fabricated metal components",100-500 Miles,No
TS-048,No,No,,No,,,,,No,Unknown,No,No,,No,,,,,,,,,1.0,No,Yes,No,Yes,"Basic parking lot, padlocked gate, and overnight motion sensors.",No,,Yes,Yes,Yearly,No,,Pacific Ridge Tech Transport,(206) 555-1048,"1301 5th Ave, Seattle, WA 98101",07/01/2027,07/01/2028,Dry Van,"Consumer electronics, computer accessories, and boxed IT hardware",Over 500 Miles,Yes
TS-049,Yes,Yes,Runs a regional flatbed support operation and a small container drayage desk.,Yes,Long Lease (30+ days),,No,Yes,Yes,Yes,No,No,,Yes,Heritage Cargo Risk Solutions,Named Peril Form incl. Reefer Breakdown,$24890,$5000,$2000000,2026-03-14 00:00:00,Yes,Yes,,,No,Yes,No,"Electronic gate, lot lighting, alarmed trailers, and monthly cargo-control training.",No,,Yes,Yes,Daily,No,,Heartland Cold Chain LLC,(785) 555-1049,"900 Kansas Ave, Topeka, KS 66612",07/11/2027,07/11/2028,Reefer Truck,"Frozen vegetables, meats, and prepared meals",0-100 Miles,No
TS-050,Yes,No,,Yes,Long Lease (30+ days),,No,Yes,No,Yes,No,No,,Yes,Liberty Freight Assurance,Broad Form,$8900,$1000,$500000,2026-03-17 00:00:00,Yes,Yes,,,No,No,Yes,"Locked yard, GPS on all units, and dispatcher-controlled access to keys.",Yes,Insured wants all applicable equipment scheduled,No,Yes,Yearly,No,,Riverbend Recycling Transport,(614) 555-1050,"250 S High St, Columbus, OH 43215",07/20/2027,07/20/2028,Dump Trailer,Sorted recyclables and scrap haul-off only; excluded waste streams are not hauled,100-500 Miles,Yes
TS-051,Yes,No,,No,,,,,Yes,Yes,No,No,,Yes,Eastgate Cargo Mutual,Broad Form incl. Reefer Breakdown,$14350,$1500,$750000,2026-02-27 00:00:00,No,Yes,,,Yes,No,No,"Warehouse fencing, cameras, ignition cutoffs, and overnight yard patrols.",Yes,No additional equipment owned,Yes,Yes,Yearly,Yes,,Southland Home Delivery Co.,(504) 555-1051,"201 St Charles Ave, New Orleans, LA 70170",07/31/2027,07/31/2028,Box Truck,"Assembled furniture, mattresses, and home goods",Over 500 Miles,No
TS-052,Yes,Yes,Operates cross-dock handling and last-mile home delivery services.,Yes,Long Lease (30+ days),,No,Yes,No,Unknown,No,No,,No,,,,,,,,,5.0,No,Yes,No,Yes,"Controlled access lot, video surveillance, and nightly vehicle count.",Yes,Insured wants all applicable equipment scheduled,No,Yes,Monthly,No,,Bluegrass Tobacco Distributors,(859) 555-1052,"300 W Vine St, Lexington, KY 40507",08/01/2027,08/01/2028,Dry Van,"Cigars, cigarettes, and related tobacco inventory for licensed wholesalers",0-100 Miles,No
TS-053,Yes,Yes,Also operates a small heavy-haul coordination service for construction freight.,Yes,Other,Subcontracts oversize moves and specialized recovery when needed.,No,Yes,Yes,Yes,No,No,,Yes,Blue Ridge Cargo Underwriters,Named Peril Form,$19600,$2500,$1000000,2026-02-11 00:00:00,Yes,Yes,,,No,Yes,No,"Fenced storage yard, GPS tracking, coded gate access, and daily inspection sheets.",Yes,Insured wants all applicable equipment scheduled,No,Yes,Daily,No,,Prairie Iron Transport,(402) 555-1053,"1200 O St, Lincoln, NE 68508",08/15/2027,08/15/2028,Lowboy Trailer,"Tractors, combines, and oversized agricultural implements",100-500 Miles,Yes
TS-054,No,No,,No,,,,,No,Yes,No,No,,Yes,Harbor Plains Logistics Ins.,Named Peril Form incl. Reefer Breakdown,$7650,$1000,$500000,2026-03-11 00:00:00,Yes,Yes,,,No,No,Yes,"Well-lit fenced lot, alarm system, and secure key cabinet.",Yes,No additional equipment owned,Yes,Yes,Weekly,No,,Harbor City Apparel Freight,(207) 555-1054,"100 Middle St, Portland, ME 04101",08/22/2027,08/22/2028,Dry Van,"Garments, folded textiles, and boxed seasonal apparel",Over 500 Miles,No
TS-055,Yes,No,,Yes,Long Lease (30+ days),,No,Yes,Yes,Yes,No,Yes,Failure to meet underwriting eligibility requirements,Yes,MetroLink Cargo Insurance,Broad Form,$18800,$3000,$1500000,08/13/2026,No,Yes,,,Yes,No,No,"Secured overnight yard, alarmed trailers, and monthly contractor compliance review.",No,,Yes,Yes,Daily,No,,Desert Springs Beverage Haul,(602) 555-1055,"111 E Washington St, Phoenix, AZ 85004",09/01/2027,09/01/2028,Reefer Truck,"Bottled water, soft drinks, and refrigerated juice products",0-100 Miles,No
TS-056,No,Yes,Maintains a small regional dispatch and logistics consulting division.,No,,,,,No,Unknown,No,No,,No,,,,,,,,,2.0,No,Yes,No,Yes,"Garage parking, keypad entry, and fleet tracking software.",Yes,No other equipment owned,No,Yes,Monthly,No,,Great Plains Livestock Transport,(918) 555-1056,"201 N Main St, Tulsa, OK 74103",09/10/2027,09/10/2028,Livestock Trailer,"Feeds, bedding, and animal-related supplies only; live animals are excluded",100-500 Miles,Yes
TS-057,Yes,Yes,Also runs a port drayage support team and a small container staging yard.,Yes,Long Lease (30+ days),,No,Yes,Yes,Yes,No,No,,Yes,Seaboard Cargo Protect,Broad Form incl. Reefer Breakdown,$23100,$2500,$2000000,2026-08-20 00:00:00,Yes,Yes,,,No,Yes,No,"CCTV, perimeter fencing, driver badge access, and daily dispatch reconciliation.",No,,Yes,Yes,Daily,Yes,,Midwest Supply Line,(816) 555-1057,"1201 Walnut St, Kansas City, MO 64106",09/20/2027,09/20/2028,Tank Trailer,Non-hazardous cleaning compounds and industrial liquids,Over 500 Miles,No
TS-058,No,No,,No,,,,,No,Yes,No,No,,Yes,Canyon State Freight Guard,Named Peril Form,$9200,$1000,$750000,2026-08-20 00:00:00,No,Yes,,,No,No,Yes,"Locked fence, GPS, motion detectors, and driver return checklist.",Yes,Equipment is covered by lessor's policy,No,Yes,Monthly,No,,Atlantic Heavy Haul Group,(617) 555-1058,"60 State St, Boston, MA 02109",10/01/2027,10/01/2028,Lowboy Trailer,"Mini excavators, skid steers, and oversized jobsite equipment",0-100 Miles,Yes
TS-059,Yes,No,,Yes,Long Lease (30+ days),,No,Yes,Yes,Yes,No,No,,Yes,Summit Coast Cargo Insurance,Named Peril Form incl. Reefer Breakdown,$11250,$1500,$500000,08/19/2026,Yes,Yes,,,Yes,No,No,"Alarmed storage area, gated access, and signed subcontractor insurance file checks.",Yes,No additional equipment owned,Yes,Yes,Weekly,No,,Ozark Parcel Transport,(479) 555-1059,"500 Rogers Ave, Fort Smith, AR 72901",10/10/2027,10/10/2028,Step Van,"Small parcels, document pouches, and time-sensitive mail",100-500 Miles,No
TS-060,No,Yes,Operates a light freight brokerage and local shuttle delivery service.,Yes,Other,Subcontracts weekend overflow and holiday dispatch loads.,No,Yes,No,No,No,No,,No,,,,,,,,,5.0,No,Yes,No,Yes,"Fenced parking, camera surveillance, and daily fleet inspection logs.",Yes,No additional equipment owned,Yes,Yes,Yearly,No,,Sun Coast Pet Freight,(813) 555-1060,"400 N Ashley Dr, Tampa, FL 33602",10/18/2027,10/18/2028,Dry Van,"Bagged pet food, litter, crates, and accessory inventory",Over 500 Miles,No
TS-061,No,No,,Yes,Long Lease (30+ days),,No,Yes,Yes,Yes,No,No,,Yes,Keystone Transport Indemnity,Broad Form,$10450,$1500,$1000000,07/28/2026,Yes,Yes,,,No,No,Yes,"Secured fenced yard, keypad gate access, GPS on tractors, and nightly lockout checks.",No,,Yes,Yes,Daily,No,,Summit Paper Logistics LLC,(206) 555-1061,"1848 Westlake Ave N, Seattle, WA 98109",10/25/2027,10/25/2028,Dry Van,"Copy paper, corrugated cartons, and printed office supplies",0-100 Miles,No
TS-062,Yes,Yes,Also runs a small warehouse receiving and last-mile delivery service.,No,,,,,No,Yes,No,No,,Yes,Atlantic Inland Cargo,Broad Form incl. Reefer Breakdown,$12800,$1000,$750000,2026-06-14 00:00:00,No,Yes,,,Yes,No,No,"Alarmed parking area, steering wheel locks, camera coverage, and sign-in/out dispatch logs.",No,,Yes,Yes,Monthly,Yes,,Gulf Coast Beverage Transport Inc.,(504) 555-1062,"930 Poydras St, New Orleans, LA 70112",11/01/2027,11/01/2028,Dry Van,"Packaged beverages, bottled water, and specialty mixers",100-500 Miles,Yes
TS-063,No,No,,No,,,,,No,No,No,No,,No,,,,,,,,,4.0,No,No,No,Yes,"Locked garage parking, monthly key audit, and driver return confirmation at end of shift.",Yes,No other equipment owned,No,Yes,Yearly,Yes,,Rocky Ridge Steel Haulers,(303) 555-1063,"1400 Blake St, Denver, CO 80202",10/02/2027,10/02/2028,Flatbed,"Steel beams, plate steel, and oversized fabrication material",Over 500 Miles,No
TS-064,Yes,No,,Yes,Other,Occasional overflow moves for retailer distribution projects and trade show transport.,Yes,Yes,Yes,Yes,No,No,,Yes,Summit Freight Assurance,Named Peril Form,$15125,$2500,$1000000,2026-08-20 00:00:00,Yes,Yes,,,Yes,No,No,"Gated yard, motion lights, GPS tracking, and daily review of trailer seals.",No,,Yes,Yes,Weekly,No,,Metro Secure Freight Services,(312) 555-1064,"225 W Wacker Dr, Chicago, IL 60606",10/15/2027,10/15/2028,Dry Van,Consumer electronics and boxed accessories,0-100 Miles,Yes
TS-065,No,Yes,Operates a non-owned trailer spotting service and dock shuttle operation.,No,,,,,No,Yes,No,No,,Yes,Pinnacle Cargo Mutual,Named Peril Form incl. Reefer Breakdown,$8900,$1000,$500000,2026-07-05 00:00:00,Yes,Yes,,,No,No,Yes,"Indoor storage for tractors, perimeter cameras, and weekly inventory checks.",Yes,Equipment is covered by lessor's policy,No,Yes,Yearly,No,,Bluegrass Home Delivery Co.,(502) 555-1065,"500 W Jefferson St, Louisville, KY 40202",11/15/2027,11/15/2028,Box Truck,"Assembled furniture, packaged chairs, and home décor items",100-500 Miles,No
TS-066,No,No,,Yes,Long Lease (30+ days),,No,Yes,No,Yes,No,No,,Yes,Riverstone Transport Underwriters,Broad Form,$11750,$2000,$750000,2026-07-08 00:00:00,Yes,Yes,,,Yes,No,Yes,"Key-card lot access, fuel cap locks, camera monitoring, and dispatch reconciliation sheets.",Yes,No other equipment owned,Yes,Yes,Weekly,No,,Sun Valley Food Transport,(602) 555-1066,"1201 N Central Ave, Phoenix, AZ 85004",10/28/2027,10/28/2028,Reefer Truck,"Packaged frozen foods, produce, and dry grocery items",Over 500 Miles,No
TS-067,Yes,No,,No,,,,,Yes,Yes,No,Yes,Failure to meet underwriting eligibility requirements,Yes,Frontier Haul Insurance Co.,Broad Form incl. Reefer Breakdown,$13900,$2500,$1000000,2026-07-07 00:00:00,No,Yes,,,No,No,No,"Secured yard, immobilizer devices, keypad doors, and after-hours patrol checks.",No,,Yes,Yes,Weekly,No,,Northeast Industrial Hauling,(617) 555-1067,"75 Federal St, Boston, MA 02110",10/31/2027,10/31/2028,Lowboy Trailer,"Industrial presses, generators, and oversized machinery components",0-100 Miles,Yes
TS-068,No,No,,No,,,,,No,No,No,No,,No,,,,,,,,,6.0,No,Yes,No,Yes,"Fenced lot, dusk-to-dawn lighting, GPS units, and controlled key cabinet.",No,,Yes,Yes,Yearly,No,,Lone Star Spirits Logistics,(214) 555-1068,"211 N Ervay St, Dallas, TX 75201",10/18/2027,10/18/2028,Dry Van,"Bottled spirits, packaged wine, and retail display cases",100-500 Miles,No
TS-069,Yes,Yes,Runs a regional box truck fleet and a dedicated cross-dock transfer service.,Yes,Long Lease (30+ days),,No,Yes,Yes,Yes,No,No,,Yes,Crescent Road Cargo,Named Peril Form,$9600,$1500,$500000,2026-06-10 00:00:00,Yes,Yes,,,Yes,No,No,"Alarmed warehouse, fenced parking, and daily driver electronic check-in/out procedures.",Yes,Equipment is covered by lessor's policy,No,Yes,Yearly,No,,Pacific Rim Freight Co.,(415) 555-1069,"1 Market St, San Francisco, CA 94105",11/08/2027,11/08/2028,Curtain Van,"Mixed retail goods, boxed inventory, and seasonal merchandise",Over 500 Miles,No
TS-070,No,No,,Yes,Long Lease (30+ days),,No,Yes,No,Yes,No,No,,Yes,Northstar Freight Shield,Named Peril Form incl. Reefer Breakdown,$14350,$1000,$1000000,2026-07-19 00:00:00,Yes,Yes,,,No,No,Yes,"Steel perimeter fence, surveillance cameras, tire boots for idle units, and sign-out logs.",Yes,Equipment is covered by lessor's policy,No,Yes,Yearly,No,,Great Lakes Supply Transport,(313) 555-1070,"1001 Woodward Ave, Detroit, MI 48226",10/21/2027,10/21/2028,Dry Van,Non-hazardous packaged industrial supplies only,0-100 Miles,Yes
TS-071,Yes,No,,No,,,,,Yes,Yes,No,No,,Yes,Summit Valley Cargo Exchange,Broad Form,$7600,$2500,$500000,2026-07-10 00:00:00,No,Yes,,,No,No,Yes,"Locked yard, cab locks, alarm system, and post-trip driver inspections.",Yes,Equipment is covered by lessor's policy,No,Yes,Daily,No,,Peachtree Materials Transport,(404) 555-1071,"55 Marietta St NW, Atlanta, GA 30303",11/10/2027,11/10/2028,Flatbed,"Lumber bundles, drywall, and palletized construction supplies",100-500 Miles,No
TS-072,No,Yes,Operates a small refrigerated storage transfer and courier dispatch line.,Yes,Other,Subcontracts special handling loads and temporary route coverage.,No,Yes,No,Yes,No,No,,Yes,Bluewater Cargo Protection,Broad Form incl. Reefer Breakdown,$12100,$2000,$750000,07/28/2026,Yes,Yes,,,Yes,No,Yes,"Secure lot with keypad entry, camera system, GPS, and scheduled maintenance checklists.",Yes,No other equipment owned,Yes,Yes,Daily,Yes,,Prairie Equipment Haulers,(402) 555-1072,"1200 O St, Lincoln, NE 68508",10/30/2027,10/30/2028,Step Deck,"Tractors, planters, and oversized farm implements",Over 500 Miles,No
TS-073,No,No,,No,,,,,No,No,No,No,,No,,,,,,,,,3.0,No,No,No,Yes,"Enclosed yard, door locks, and end-of-day vehicle count verification.",No,,Yes,Yes,Weekly,No,,Carolina Textile Freight LLC,(704) 555-1073,"301 S Tryon St, Charlotte, NC 28202",10/10/2027,10/10/2028,Dry Van,"Garments, fabric rolls, and boxed apparel inventory",0-100 Miles,No
TS-074,Yes,No,,Yes,Long Lease (30+ days),,No,Yes,Yes,Yes,No,No,,Yes,Eagle Point Transit Underwriters,Named Peril Form,$10950,$1000,$750000,2026-01-08 00:00:00,Yes,Yes,,,Yes,No,No,"GPS on all units, fenced yard, alarm monitoring, and two-person checkout for keys.",Yes,No other equipment owned,Yes,Yes,Yearly,No,,Appalachian Consumer Transport,(304) 555-1074,"300 Summers St, Charleston, WV 25301",11/20/2027,11/20/2028,Dry Van,Packaged tobacco products for licensed wholesale distribution,100-500 Miles,Yes
TS-075,No,Yes,Operates intermodal drayage support and local warehouse transfer services.,No,,,,,No,Yes,No,Yes,Failure to meet underwriting eligibility requirements,Yes,Continental Cargo Lines,Named Peril Form incl. Reefer Breakdown,$16500,$2500,$1000000,2026-08-05 00:00:00,No,Yes,,,No,No,Yes,"Concrete-walled yard, motion sensors, camera system, and daily trailer seal logs.",Yes,No other equipment owned,Yes,Yes,Weekly,No,,Empire Office Supply Transit,(518) 555-1075,"90 State St, Albany, NY 12207",10/05/2027,10/05/2028,Sprinter Van,"Office paper, envelopes, and boxed stationery",Over 500 Miles,No
TS-076,Yes,No,,No,,,,,Yes,Yes,No,No,,Yes,Metroline Freight Security,Broad Form,$9900,$1500,$500000,2026-06-28 00:00:00,Yes,Yes,,,Yes,No,Yes,"Nightly lot sweeps, locked cab storage, and assigned driver parking stalls.",No,,Yes,Yes,Daily,No,,Desert Ridge Freight Solutions,(602) 555-1076,"400 E Van Buren St, Phoenix, AZ 85004",11/18/2027,11/18/2028,Dry Van,"Kitchenware, small appliances, and boxed home décor",0-100 Miles,No
TS-077,No,No,,Yes,Long Lease (30+ days),,No,Yes,No,Yes,No,No,,Yes,Harbor Crest Cargo,Broad Form incl. Reefer Breakdown,$13225,$1000,$750000,2026-02-08 00:00:00,Yes,Yes,,,No,No,Yes,"Secure fenced lot, telematics alerts, and daily driver checklists for vehicle returns.",Yes,Other equipment is covered under separate inland marine policy,Yes,Yes,Monthly,No,,Midwest Fabrication Transport,(816) 555-1077,"700 Wyandotte St, Kansas City, MO 64105",10/24/2027,10/24/2028,Flatbed,"Coils, fabricated metal frames, and oversized steel parts",100-500 Miles,Yes
TS-078,Yes,Yes,"Also provides on-demand courier, hot-shot, and warehouse transfer services.",Yes,Other,Subcontracts event freight and regional overflow freight during peak periods.,Yes,Yes,Yes,No,No,No,,No,,,,,,,,,5.0,No,Yes,No,No,"Alarmed storage yard, GPS trackers, and controlled access with overnight lock verification.",Yes,No other equipment owned,No,Yes,Monthly,No,,Interstate Parts Carrier LLC,(313) 555-1078,"645 Griswold St, Detroit, MI 48226",11/04/2027,11/04/2028,Dry Van,"Engine components, brake assemblies, and boxed replacement parts",Over 500 Miles,No
TS-079,No,No,,No,,,,,No,Yes,No,No,,Yes,Lighthouse Freight Assurance,Named Peril Form,$8450,$1000,$500000,2026-06-07 00:00:00,Yes,Yes,,,No,No,Yes,"Fenced lot, keyed ignition storage, daily yard count, and camera monitoring.",Yes,Other equipment is scheduled under a separate policy,Yes,Yes,Monthly,Yes,,Capital Health Logistics,(202) 555-1079,"1200 New Hampshire Ave NW, Washington, DC 20036",10/12/2027,10/12/2028,Cargo Van,"Boxes of gloves, syringes, and non-controlled medical inventory",0-100 Miles,No
TS-080,Yes,No,,Yes,Long Lease (30+ days),,No,Yes,Yes,Yes,No,No,,Yes,Prairie State Cargo,Named Peril Form incl. Reefer Breakdown,$11350,$1500,$750000,2026-07-23 00:00:00,No,Yes,,,Yes,No,No,"Enclosed yard, GPS, gate code changes, and pre-trip/post-trip inspection logs.",Yes,No other equipment owned,Yes,Yes,Yearly,No,,Coastal Wine Freight Services,(808) 555-1080,"227 Queen St, Honolulu, HI 96813",11/28/2027,11/28/2028,Dry Van,"Cases of wine, spirits, and promotional display materials",100-500 Miles,Yes
,No,,,,,,,,,,,,,,,,,,,,,,,,,,,,No,,Yes,Yes,Yearly,No,,Summit Paper Logistics LLC,(615) 555-1081,"1882 Elm Hill Pike, Nashville, TN 37210",08/01/2027,08/01/2028,Dry Van,"Copy paper, packaging paper, and printed carton stock",Over 500 Miles,No
,Yes,,,,,,,,,,,,,,,,,,,,,,,,,,,,No,,Yes,Yes,Daily,No,,Red River Materials Transport,(806) 555-1082,"4100 Canyon Dr, Amarillo, TX 79109",08/15/2027,08/15/2028,Flatbed,"Lumber bundles, steel posts, and palletized building supplies",0-100 Miles,No
,No,,,,,,,,,,,,,,,,,,,,,,,,,,,,Yes,Other equipment is covered under separate inland marine policy,Yes,Yes,Daily,Yes,,Lakefront Beverage Freight Inc.,(414) 555-1083,"2400 S 9th St, Milwaukee, WI 53204",08/22/2027,08/22/2028,Reefer Truck,"Kegs, cases of beer, and branded point-of-sale displays",100-500 Miles,Yes
,Yes,,,,,,,,,,,,,,,,,,,,,,,,,,,,No,,No,Yes,Daily,Yes,,Northstar Furniture Carrier Co.,(612) 555-1084,"955 Nicollet Mall, Minneapolis, MN 55403",09/01/2027,09/01/2028,Box Truck,"Flat-pack furniture, assembled chairs, and showroom fixtures",Over 500 Miles,No
,No,,,,,,,,,,,,,,,,,,,,,,,,,,,,No,,Yes,Yes,Monthly,No,,Blue Coast Cold Chain LLC,(904) 555-1085,"1200 Prudential Dr, Jacksonville, FL 32207",09/09/2027,09/09/2028,Reefer Truck,"Frozen entrees, seafood, and temperature-controlled packaged food",0-100 Miles,No
,Yes,,,,,,,,,,,,,,,,,,,,,,,,,,,,No,,Yes,Yes,Daily,No,,Metro Tech Freight Services,(202) 555-1086,"1101 K St NW, Washington, DC 20005",09/15/2027,09/15/2028,Dry Van,"Tablets, computer peripherals, and boxed consumer electronics",100-500 Miles,No
,No,,,,,,,,,,,,,,,,,,,,,,,,,,,,No,,No,Yes,Daily,Yes,,Gulf Coast Heavy Haul LLC,(713) 555-1087,"5200 Navigation Blvd, Houston, TX 77011",09/25/2027,09/25/2028,Step Deck,"Industrial pumps, fabricated equipment, and oversized machine parts",Over 500 Miles,No
,Yes,,,,,,,,,,,,,,,,,,,,,,,,,,,,No,,Yes,Yes,Yearly,Yes,,Desert Springs Distribution LLC,(602) 555-1088,"3300 E Van Buren St, Phoenix, AZ 85008",10/03/2027,10/03/2028,Cargo Van,"Bottled water, soft drinks, and assorted non-alcoholic beverages",0-100 Miles,No
,No,,,,,,,,,,,,,,,,,,,,,,,,,,,,Yes,No other owned equipment reported,Yes,Yes,Daily,Yes,,Great Lakes Auto Freight,(313) 555-1089,"3011 W Fort St, Detroit, MI 48216",10/11/2027,10/11/2028,Dry Van,"Body panels, alternators, and boxed aftermarket parts",100-500 Miles,No
,Yes,,,,,,,,,,,,,,,,,,,,,,,,,,,,No,,Yes,Yes,Yearly,Yes,,Bayou Spirits Transport,(504) 555-1090,"701 Poydras St, New Orleans, LA 70139",10/18/2027,10/18/2028,Dry Van,"Cases of whiskey, vodka, and retail promotional pallets",Over 500 Miles,Yes
,No,,,,,,,,,,,,,,,,,,,,,,,,,,,,No,,No,Yes,Daily,Yes,,Capital Corridor Freight LLC,(202) 555-1091,"901 F St NW, Washington, DC 20004",10/22/2027,10/22/2028,Straight Truck,"Mixed boxed retail goods, small appliances, and store supplies",0-100 Miles,No
,Yes,,,,,,,,,,,,,,,,,,,,,,,,,,,,Yes,,No,Yes,Yearly,Yes,,Pinnacle Pharma Logistics Inc.,(215) 555-1092,"2000 Market St, Philadelphia, PA 19103",11/01/2027,11/01/2028,Cargo Van,Over-the-counter medicines and non-controlled pharmaceutical supplies,100-500 Miles,No
,No,,,,,,,,,,,,,,,,,,,,,,,,,,,,Yes,,No,Yes,Daily,Yes,,Front Range Steel Haulers,(303) 555-1093,"1700 Broadway, Denver, CO 80202",11/07/2027,11/07/2028,Flatbed,"Steel beams, rebar bundles, and fabricated metal stock",Over 500 Miles,No
,Yes,,,,,,,,,,,,,,,,,,,,,,,,,,,,Yes,,Yes,Yes,Monthly,Yes,,Seaside Move & Freight LLC,(619) 555-1094,"1420 Kettner Blvd, San Diego, CA 92101",11/15/2027,11/15/2028,Dry Van,"Packaged household items, boxed décor, and furniture accessories",0-100 Miles,No
,No,,,,,,,,,,,,,,,,,,,,,,,,,,,,No,,Yes,Yes,Monthly,No,,Riverbend Apparel Transport,(502) 555-1095,"500 W Jefferson St, Louisville, KY 40202",11/23/2027,11/23/2028,Dry Van,"Folded clothing, fabric rolls, and retail apparel cartons",100-500 Miles,No
,Yes,,,,,,,,,,,,,,,,,,,,,,,,,,,,No,,No,Yes,Yearly,Yes,,Midtown Supply Carrier LLC,(615) 555-1096,"330 Commerce St, Nashville, TN 37201",12/01/2027,12/01/2028,Cargo Van,"Paper goods, toner cartridges, and office consumables",Over 500 Miles,No
,No,,,,,,,,,,,,,,,,,,,,,,,,,,,,No,,Yes,Yes,Daily,Yes,,Prairie Farm Equipment Transport,(785) 555-1097,"1200 N Broadway, Wichita, KS 67214",12/08/2027,12/08/2028,Lowboy,"Tractors, tillage equipment, and oversized farm machinery",0-100 Miles,No
,Yes,,,,,,,,,,,,,,,,,,,,,,,,,,,,No,,Yes,Yes,Monthly,No,,Piedmont Building Logistics,(704) 555-1098,"400 S Tryon St, Charlotte, NC 28202",12/15/2027,12/15/2028,Box Truck,"Drywall, fasteners, trim, and palletized renovation supplies",100-500 Miles,No
,No,,,,,,,,,,,,,,,,,,,,,,,,,,,,Yes,,No,Yes,Yearly,No,,Atlantic Tobacco Freight,(757) 555-1099,"150 Boush St, Norfolk, VA 23510",12/22/2027,12/22/2028,Dry Van,"Cartons of cigarettes, chewing tobacco, and retail display stock",Over 500 Miles,Yes
,Yes,,,,,,,,,,,,,,,,,,,,,,,,,,,,Yes,,Yes,Yes,Monthly,Yes,,Rocky Mountain Packaging Transit,(720) 555-1100,"1601 Blake St, Denver, CO 80202",01/05/2028,01/05/2029,Dry Van,"Corrugated boxes, shrink wrap, and palletized packaging supplies",0-100 Miles,No
,No,,,,,,,,,,,,,,,,,,,,,,,,,,,,No,,Yes,Yes,Daily,No,,Midland Paper Transit,(312) 555-2101,"1880 W Fulton Market, Chicago, IL 60612",02/01/2028,02/01/2029,Dry Van,"Paper towels, copy paper, cartons, and office supply pallets",100-500 Miles,No
,Yes,,,,,,,,,,,,,,,,,,,,,,,,,,,,No,,Yes,Yes,Weekly,No,,Gulf Coast Beverage Logistics,(713) 555-2102,"900 Smith St, Houston, TX 77002",02/15/2028,02/15/2029,Reefer Truck,"Packaged beer, boxed wine, and distilled spirits for retail distribution",Over 500 Miles,Yes
,No,,,,,,,,,,,,,,,,,,,,,,,,,,,,Yes,,No,Yes,Yearly,No,,Great Lakes Coil Transport,(773) 555-2103,"1400 S Canal St, Chicago, IL 60607",02/20/2028,02/20/2029,Flatbed,"Steel coils, bands, dunnage, and oversize industrial metal rolls",0-100 Miles,No
,Yes,,,,,,,,,,,,,,,,,,,,,,,,,,,,Yes,,Yes,Yes,Daily,Yes,,Southeast Fresh Freight,(404) 555-2104,"120 Peachtree St NE, Atlanta, GA 30303",03/01/2028,03/01/2029,Reefer Truck,"Packaged produce, dairy items, and chilled grocery shipments",100-500 Miles,No
,No,,,,,,,,,,,,,,,,,,,,,,,,,,,,No,,Yes,Yes,Weekly,No,,Front Range Furniture Haulers,(303) 555-2105,"1701 Wynkoop St, Denver, CO 80202",03/12/2028,03/12/2029,Box Truck,"Assembled furniture, chairs, tables, and residential decor items",Over 500 Miles,No
,Yes,,,,,,,,,,,,,,,,,,,,,,,,,,,,Yes,,No,Yes,Monthly,No,,Desert Industrial Moves,(602) 555-2106,"2550 N 16th St, Phoenix, AZ 85006",03/25/2028,03/25/2029,Step Deck,"Industrial machinery, equipment skids, and large replacement parts",0-100 Miles,No
,No,,,,,,,,,,,,,,,,,,,,,,,,,,,,No,,Yes,Yes,Weekly,Yes,,Bay Area Tobacco Distribution,(415) 555-2107,"55 2nd St, San Francisco, CA 94105",04/01/2028,04/01/2029,Dry Van,"Cigars, pipe tobacco, and retail promotional stock",100-500 Miles,Yes
,Yes,,,,,,,,,,,,,,,,,,,,,,,,,,,,Yes,,Yes,Yes,Daily,No,,Northeast Electronics Logistics,(617) 555-2108,"200 Seaport Blvd, Boston, MA 02210",04/10/2028,04/10/2029,Dry Van,"Computer monitors, peripherals, and boxed consumer electronics",Over 500 Miles,No
,No,,,,,,,,,,,,,,,,,,,,,,,,,,,,Yes,,No,Yes,Daily,No,,Mid-Atlantic Construction Freight,(202) 555-2109,"1101 New York Ave NW, Washington, DC 20005",04/22/2028,04/22/2029,Flatbed,"Lumber bundles, trusses, steel framing, and oversized construction materials",0-100 Miles,No
,Yes,,,,,,,,,,,,,,,,,,,,,,,,,,,,Yes,,Yes,Yes,Yearly,No,,Lone Star Household Movers,(214) 555-2110,"500 Commerce St, Dallas, TX 75202",05/01/2028,05/01/2029,Van,"Packed household goods, boxed personal items, and small furniture",100-500 Miles,No
,No,,,,,,,,,,,,,,,,,,,,,,,,,,,,Yes,,Yes,Yes,Monthly,Yes,,Upper Midwest Medical Freight,(612) 555-2111,"800 Nicollet Mall, Minneapolis, MN 55402",05/15/2028,05/15/2029,Reefer Truck,"Bandages, test kits, packaged medical devices, and pharmacy stock",Over 500 Miles,Yes
,Yes,,,,,,,,,,,,,,,,,,,,,,,,,,,,,,,,,No,,Pacific Northwest Spirits Transport,(503) 555-2112,"1001 SW 5th Ave, Portland, OR 97204",06/01/2028,06/01/2029,Dry Van,"Bottled spirits, canned cocktails, and promotional point-of-sale materials",0-100 Miles,No
,No,,,,,,,,,,,,,,,,,,,,,,,,,,,,,,,,,Yes,,Appalachian Heavy Freight,(859) 555-2113,"200 W Vine St, Lexington, KY 40507",06/15/2028,06/15/2029,Lowboy,"Compact excavators, skid steers, and oversized construction attachments",100-500 Miles,No
,Yes,,,,,,,,,,,,,,,,,,,,,,,,,,,,,,,,,No,,Rust Belt Parts Express,(216) 555-2114,"200 Public Square, Cleveland, OH 44114",07/01/2028,07/01/2029,Dry Van,"Brake components, filters, packaged auto body parts, and pallets of tires",Over 500 Miles,No
,No,,,,,,,,,,,,,,,,,,,,,,,,,,,,,,,,,No,,Delta Specialty Freight,(504) 555-2115,"701 Poydras St, New Orleans, LA 70139",07/15/2028,07/15/2029,Dry Van,Non-hazardous industrial supplies and sealed containers marked excluded for hazardous material handling,0-100 Miles,Yes
,Yes,,,,,,,,,,,,,,,,,,,,,,,,,,,,,,,,,Yes,,Sierra Apparel Transport,(702) 555-2116,"300 S 4th St, Las Vegas, NV 89101",08/01/2028,08/01/2029,Dry Van,"Garments, fabric rolls, and boxed retail apparel shipments",100-500 Miles,No
,No,,,,,,,,,,,,,,,,,,,,,,,,,,,,,,,,,No,,Iron Gate Metal Movers,(612) 555-2117,"333 Washington Ave N, Minneapolis, MN 55401",08/15/2028,08/15/2029,Flatbed,"Aluminum sheets, steel plates, and oversized fabricated metal sections",Over 500 Miles,No
,Yes,,,,,,,,,,,,,,,,,,,,,,,,,,,,,,,,,No,,Sunbelt Pet Supply Freight,(305) 555-2118,"701 Brickell Ave, Miami, FL 33131",09/01/2028,09/01/2029,Box Truck,"Pet food, litter, toys, and packaged accessory products",0-100 Miles,No
,No,,,,,,,,,,,,,,,,,,,,,,,,,,,,,,,,,No,,Rocky Mountain Home Delivery,(720) 555-2119,"1515 Wynkoop St, Denver, CO 80202",09/15/2028,09/15/2029,Straight Truck,"Pre-assembled furniture, mattresses, and boxed home décor",100-500 Miles,No
,Yes,,,,,,,,,,,,,,,,,,,,,,,,,,,,,,,,,Yes,,Atlantic Coastal Beverage Freight,(804) 555-2120,"600 E Main St, Richmond, VA 23219",10/01/2028,10/01/2029,Dry Van,"Craft beer, wine cases, and bottled spirits for wholesalers",Over 500 Miles,Yes
