Test ID,Binding State,Commercial Property?,Commercial Equipment Breakdown? ,General Liability Package?,GL Carrier,Motor Truck Cargo Coverage?,Auto Physical Damage?,Inland Marine,TRIA?,Transaction Type,Policy Number,Effective Date,Quote Date,Assigned Underwriter,Underwriter Assistant,UW Manual Surcharge (%),UW Manual Credit (%),Override Reason / Notes,Agency Name,Agency ID Code,Agent's Full Name,Agent E-Mail,Agent Phone,Agent Fax,Agent Address Street 1,Agent Address Street 2,Agent Address City,Agent Address State,Agent Address Zip,Agent's Commission,Business / Insured Name,DBA / Trade Name,Type of Entity,Full Name,Trustee Address -  Street 1,Trustee Address  -  Street 2,Trustee Address  -  City,Trustee Address  -  State,Trustee Address  -  Zip,Address  -  Street 1,Address  -  Street 2,Address  -  City,Address  -  State,Address  -  Zip,Insured Email Address,Insured Phone Number,Is Insured's physical address same as the mailing address?,Insured Pysical Address  -  Street 1,Insured Pysical Address  -  Street 2,Insured Physical Address  -  City,Insured Physical Address  -  State,Insured Physical Address  -  Zip,New Venture,Year Established,Type of Company / Carrier,Describe Carrier Details, Insured also carry their own goods?,Insured ICC Docket Number - MC#,Filings Required,Does this quote include all owned/operated units?,Years in Business,Federal Tax ID / EIN,Garaging Address Street 1,Garaging Address Street 2,Garaging Address City,Garaging Address State,Garaging Address Zip,Secondary garaging address?,Garage Address#1,Garage Address#2,Garage Address#3,Garage Address#4,Garage Address#5
TS-001,PA,No,No,No,Apollo,Yes,Yes,No,No,New Business,PA-POL-202600001,08/08/2026,07/03/2026,Megan Lawson,,5,0,New venture with limited loss history; surcharge applied pending first-year performance review.,Blue Ridge Risk Partners,BRP1024,Jordan Ellis,jordan.ellis@blueridgerisk.com,(804) 555-0134,(804) 555-0199,1201 E Main St,Suite 410,Salem,OR,97301,0.15,Pioneer Freight LLC,Pioneer Express,Corporation,,,,,,,4550 Commerce Pkwy,Building 3,Philadelphia,PA,19181,contact@pioneerfreightllc.com,(804) 555-0140,Yes,,,,,,Yes,,Private Carrier,,Yes,MC-882314,,No,1,82-6149371,4550 Commerce Pkwy,Building 3,Erie,PA,15795,No,,,,,
TS-002,WV,No,No,No,Apollo,Yes,Yes,No,No,New Business,WV-POL-202600002,07/12/2026,07/03/2026,Priya Shah,,0,3,Preferred risk with clean driving record; credit applied for long-term stable operations.,Chesapeake Commercial Insurance,CCI4471,Nicole Bennett,nicole.bennett@chesapeakeci.com,(410) 555-0188,(410) 555-0199,500 Light St,Floor 12,Cranston,RI,2920,13.50%,Harbor View Transport Inc.,Harbor View Logistics,LLC,,,,,,,8700 Pulaski Hwy,Suite 200,Morgantown,WV,24728,dispatch@harborviewtransport.com,(410) 555-0190,Yes,,,,,,No,2012.0,Common Carriers,,Yes,MC-441029,State,Yes,14,52-9071143,8700 Pulaski Hwy,Suite 200,Morgantown,WV,24728,No,,,,,
TS-003,WV,No,No,No,Apollo,Yes,Yes,No,No,New Business,WV-POL-202600003,07/12/2026,07/03/2026,Derek Morgan,,2,0,Urban delivery exposure and higher frequency of stops warranted minor surcharge.,Capitol Underwriting Group,CUG3008,Alicia Grant,alicia.grant@capitoluw.com,(202) 555-0177,(202) 555-0198,1400 K St NW,Suite 600,Providence,RI,2903,0.15,District Parcel Services,DPS Couriers,Partnership,,,,,,,925 H St NE,Unit B,Charleston,WV,25032,operations@districtparcel.com,(202) 555-0138,No,4200 Essington Ave,Building 9,Philadelphia,PA,19148.0,No,2018.0,Contract Carriers,,Yes,MC-774612,Federal,Yes,8,31-4509286,925 H St NE,Unit B,Charleston,WV,25032,Yes,"1250 Commerce Dr, Richmond, VA 23224","8900 Industrial Rd, Henrico, VA 23228","450 Logistics Pkwy, Ashland, VA 23005","780 Warehouse Ln, Petersburg, VA 23803","320 Fleet St, Chester, VA 23831"
TS-004,MD,No,No,No,Apollo,Yes,Yes,No,No,New Business,MD-POL-202600004,08/25/2026,07/03/2026,Lauren Diaz,,0,25,Well-established fleet with strong safety program and telematics credit.,Keystone Business Insurance,KBI8820,Thomas Reed,tom.reed@keystonebizins.com,(215) 555-0162,(215) 555-0197,200 Market St,Suite 900,Rapid City,SD,57701,14%,Liberty Haulage Corporation,Liberty Haul,Joint Venture,,,,,,,3100 Grant Ave,,Annapolis Junction,MD,20701,admin@libertyhaul.com,(215) 555-0112,Yes,,,,,,No,2009.0,Private Carrier,,No,MC-193855,Both,Yes,17,23-7810459,3100 Grant Ave,,Annapolis,MD,20786,No,,,,,
TS-005,VA,No,No,No,Apollo,Yes,Yes,No,No,New Business,VA-POL-202600005,08/21/2026,07/03/2026,Hannah Price,,4,0,Fleet expansion in the last 12 months; surcharge applied due to growth and new routes.,Carolina Road Insurance,CRI5591,Evan Carter,evan.carter@carolinaroadins.com,(919) 555-0147,(919) 555-0196,301 Fayetteville St,Floor 8,Knoxville,TN,37902,15%,Triangle Refrigerated Transport,Triangle Reefer,Trust,Tyler Johnson,880 Division St,Building 2,Beckley,WV,25242.0,7400 Westgate Rd,Building A,Woodford,VA,22580,fleet@trianglereefer.com,(919) 555-0109,Yes,,,,,,No,2015.0,Owner of Cargo,,,MC-600184,,No,11,47-3391258,7400 Westgate Rd,Building A,Norfolk,VA,22212,No,,,,,
TS-006,VA,No,No,No,Apollo,Yes,Yes,No,No,New Business,VA-POL-202600006,08/14/2026,07/03/2026,Stephen Cole,,0,2,Small local operation with favorable prior insurance history.,Mountain State Brokers,MSB7712,Rachel Turner,rachel.turner@mountainstatebrokers.com,(304) 555-0172,(304) 555-0195,100 Capitol St,Suite 220,Nashville,TN,37203,0.15,Appalachian Delivery Services,App Delivery,Estate,,,,,,,1900 MacCorkle Ave SE,,Winchester,VA,22602,contact@appdeliverywv.com,(304) 555-0116,Yes,,,,,,No,2011.0,Other,"Local Delivery Carrier providing insured transportation services across commercial routes, operating compliant vehicles, trained drivers, cargo tracking, and scheduled pickup and delivery for diverse customer shipments.",,MC-518040,State,Yes,15,55-2846190,1900 MacCorkle Ave SE,,Richmond,VA,22149,No,,,,,
TS-007,NC,No,No,No,Apollo,Yes,Yes,No,No,New Business,NC-POL-202600007,07/21/2026,07/03/2026,Kimberly Foster,,1,0,Cross-border operating territory increased exposure slightly.,First State Risk Advisors,FSR4093,Brian Mitchell,brian.mitchell@firststaterisk.com,(302) 555-0181,(302) 555-0194,1201 N Market St,Suite 300,Provo,UT,84601,16%,Delaware Freight Line Trust,Delaware Freight Line,Individual,,,,,,,2500 Lancaster Ave,Unit 9,Charlotte,NC,28204,info@delawarefreightline.com,(302) 555-0106,Yes,,,,,,No,2014.0,Contract Carriers,,Yes,MC-903551,Federal,Yes,12,16-7724593,2500 Lancaster Ave,Unit 9,Charlotte,NC,27879,No,,,,,
TS-008,DC,No,No,No,Apollo,Yes,Yes,No,No,New Business,DC-POL-202600008,08/12/2026,07/03/2026,Monica Alvarez,,0,4,Strong safety controls and high-value accounts justify credit.,Pacific Coast Insurance Services,PCI6184,Sophia Nguyen,sophia.nguyen@pacificcoastins.com,(213) 555-0193,(213) 555-0192,555 S Flower St,Floor 18,Rutland,VT,5701,17.50%,Golden Gate Retail Logistics,GGR Logistics,Corporation,,,,,,,1800 S Alameda St,Suite 140,Washington D.C.,DC,20501,ops@ggrologistics.com,(213) 555-0110,No,925 H St NE,Unit B,Charleston,WV,25032.0,No,2020.0,Private Carrier,,No,MC-112770,Both,Yes,6,94-5082231,1800 S Alameda St,Suite 140,Petworth,DC,20249,No,,,,,
TS-009,WV,No,No,No,Apollo,Yes,Yes,No,No,New Business,WV-POL-202600009,08/21/2026,07/03/2026,Ethan Brooks,,3,0,Interstate long-haul routes and recent fleet additions increased exposure.,Lone Star Commercial Insurance,LSC7301,Madison King,madison.king@lonestarcommercial.com,(512) 555-0142,(512) 555-0191,600 Congress Ave,Suite 1000,Richmond,VA,23219,12.50%,Rio Grande Transport Estate,Rio Grande Transport,LLC,,,,,,,4300 Bergstrom Dr,Hangar 4,Huntington,WV,25241,service@riograndetransport.com,(512) 555-0184,Yes,,,,,,No,2013.0,Common Carriers,,No,MC-330918,,No,13,74-6190358,4300 Bergstrom Dr,Hangar 4,Huntington,WV,25241,Yes,"55 Logistics Dr, Fredericksburg, VA 22401","600 Commerce Pkwy, Stafford, VA 22554","711 Transport Ave, Woodbridge, VA 22191","88 Carrier Ct, Dumfries, VA 22026","299 Operations Rd, Quantico, VA 22134"
TS-010,WV,No,No,No,Apollo,Yes,Yes,No,No,New Business,WV-POL-202600010,08/26/2026,07/03/2026,Olivia Bennett,,0,1,Minor credit for documented driver training and stable operations.,Peachtree Risk Solutions,PRS2844,Andrew Collins,andrew.collins@peachtreerisk.com,(404) 555-0159,(404) 555-0190,75 5th St NW,Suite 430,Spokane,WA,99201,18%,Southern Supply Chain Company,Southern Supply Chain,Partnership,,,,,,,1500 Cobb Pkwy SE,,Charleston,WV,25618,billing@southernsupplychain.com,(404) 555-0118,Yes,,,,,,No,2016.0,Owner of Cargo,,,MC-885204,State,Yes,10,61-4703829,1500 Cobb Pkwy SE,,Charleston,WV,25618,No,,,,,
TS-011,VA,No,No,No,Apollo,Yes,Yes,No,No,New Business,VA-POL-202600011,08/27/2026,07/03/2026,Jordan Patel,,2,0,Desert operating territory and long route mileage created modest surcharge.,Silver State Brokerage,SSB9907,Erica Moore,erica.moore@silverstatebrokerage.com,(702) 555-0168,(702) 555-0189,2300 W Sahara Ave,Suite 500,Morgantown,WV,26505,0.15,Desert Star Hauling Partnership,Desert Star Hauling,Joint Venture,,,,,,,4200 S Decatur Blvd,Unit 2,Wicomico Church,VA,22579,contact@desertstarhauling.com,(702) 555-0102,Yes,,,,,,No,2019.0,Private Carrier,,Yes,MC-771036,Federal,Yes,7,88-2034761,4200 S Decatur Blvd,Unit 2,Norfolk,VA,22800,No,,,,,
TS-012,DC,No,No,No,Apollo,Yes,Yes,No,No,New Business,DC-POL-202600012,07/29/2026,07/03/2026,Natalie Reed,,0,2,Clean account with documented garage security and low loss activity.,Palmetto Insurance Exchange,PIE1128,Rebecca Hall,kevin.brooks@palmettoiex.com,(803) 555-0170,(803) 555-0188,1100 Laurel St,Floor 4,Milwaukee,WI,53202,11.50%,Coastal Corridor Transport,Coastal Corridor,Trust,Grace Turner,1900 Freedom Dr,Building 2,Philadelphia,PA,19181.0,800 Meeting St,Suite 150,Washington,DC,20007,ops@coastalcorridor.com,(803) 555-0111,No,2222 W Southern Ave,Unit 9,Morgantown,WV,25291.0,No,2010.0,Contract Carriers,,Yes,MC-402615,Both,Yes,16,57-9182640,800 Meeting St,Suite 150,Georgetown,DC,20581,No,,,,,
TS-013,NC,No,No,No,Apollo,Yes,Yes,No,No,New Business,NC-POL-202600013,07/10/2026,07/03/2026,Michael Turner,,1,20,Moderate surcharge for mixed-use fleet and prior late reporting on unit additions.,Buckeye Commercial Agency,BCA6632,Laura Jenkins,laura.jenkins@buckeyecommercial.com,(614) 555-0149,(614) 555-0187,250 S High St,Suite 700,Casper,WY,82601,0.15,Midwest Route Services,Midwest Route,Estate,,,,,,,4100 Bright Rd,Unit 11,Raleigh,NC,27176,admin@midwestroute.com,(614) 555-0199,Yes,,,,,,No,2017.0,Other,"Refrigerated Goods Carrier providing insured transportation services across commercial routes, operating compliant vehicles, trained drivers, cargo tracking, and scheduled pickup and delivery for diverse customer shipments.",,MC-520976,,No,9,34-5061772,4100 Bright Rd,Unit 11,Raleigh,NC,27176,No,,,,,
TS-014,PA,No,No,No,Apollo,Yes,Yes,No,No,New Business,PA-POL-202600014,07/28/2026,07/03/2026,Sarah Whitman,,0,6,Standard risk with no manual adjustments requested.,Desert Southwest Insurance,DSI5146,Daniel Perez,daniel.perez@desertsouthwestins.com,(602) 555-0155,(602) 555-0186,4200 N Central Ave,Suite 1500,Mobile,AL,36602,20%,Sun Valley Transport LLC,Sun Valley Transport,Individual,,,,,,,2800 S 44th St,Dock 3,Philadelphia,PA,19182,service@sunvalleytransport.com,(602) 555-0117,Yes,,,,,,No,2021.0,Common Carriers,,No,MC-221470,State,Yes,5,91-6423087,2800 S 44th St,Dock 3,Philadelphia,PA,15026,No,,,,,
TS-015,DC,No,No,No,Apollo,Yes,Yes,No,No,New Business,DC-POL-202600015,08/16/2026,07/03/2026,Megan Lawson,,6,0,New venture with no prior commercial auto experience; higher initial surcharge applied.,Blue Ridge Risk Partners,BRP1024,Jordan Ellis,jordan.ellis@blueridgerisk.com,(804) 555-0134,(804) 555-0199,1201 E Main St,Suite 410,Anchorage,AK,99501,10%,New Horizon Logistics Trust,New Horizon Logistics,Corporation,,,,,,,6000 Technology Blvd,Suite 110,Washington,DC,20007,hello@newhorizonlogistics.com,(757) 555-0125,Yes,,,,,,Yes,,Private Carrier,,Yes,MC-908214,Federal,Yes,0,83-1256704,6000 Technology Blvd,Suite 110,Brookland,DC,20235,No,,,,,
TS-016,WV,No,No,No,Apollo,Yes,Yes,No,No,New Business,WV-POL-202600016,07/12/2026,07/03/2026,Priya Shah,,0,4,Excellent loss ratio and mature operations support account credit.,Chesapeake Commercial Insurance,CCI4471,Nicole Bennett,nicole.bennett@chesapeakeci.com,(410) 555-0188,(410) 555-0199,500 Light St,Floor 12,Tucson,AZ,85701,15.50%,Anne Arundel Haulers Inc.,AA Haulers,LLC,,,,,,,1214 Ritchie Hwy,,Huntington,WV,25098,claims@aahaulers.com,(410) 555-0104,Yes,,,,,,No,2007.0,Owner of Cargo,,,MC-337805,Both,Yes,19,21-8940617,1214 Ritchie Hwy,,Huntington,WV,25098,No,,,,,
TS-017,MD,No,No,No,Apollo,Yes,Yes,No,No,New Business,MD-POL-202600017,07/18/2026,07/03/2026,Hannah Price,,2,0,Some out-of-state hauling and mixed equipment types increased exposure.,Carolina Road Insurance,CRI5591,Evan Carter,evan.carter@carolinaroadins.com,(919) 555-0147,(919) 555-0196,301 Fayetteville St,Floor 8,Fort Smith,AR,72901,13%,Piedmont Trucking Partners,Piedmont Trucking,Partnership,,,,,,,9100 Glenwood Ave,Suite 120,Bowie,MD,20717,info@piedmonttrucking.com,(919) 555-0129,No,4101 Park Ave,Floor 4,Winston-Salem,NC,27115.0,No,2018.0,Contract Carriers,,No,MC-615904,,No,8,46-1209843,9100 Glenwood Ave,Suite 120,Bowie,MD,20743,No,,,,,
TS-018,WV,No,No,No,Apollo,Yes,Yes,No,No,New Business,WV-POL-202600018,07/11/2026,07/03/2026,Ethan Brooks,,0,3,Safe driving program and route controls qualify for credit.,Lone Star Commercial Insurance,LSC7301,Madison King,madison.king@lonestarcommercial.com,(512) 555-0142,(512) 555-0191,600 Congress Ave,Suite 1000,Los Angeles,CA,90012,18.50%,Hill Country Freight Services,Hill Country Freight,Joint Venture,,,,,,,8201 N Lamar Blvd,,Beckley,WV,24959,dispatch@hillcountryfreight.com,(512) 555-0193,Yes,,,,,,No,2005.0,Private Carrier,,Yes,MC-845210,State,Yes,21,48-7621905,8201 N Lamar Blvd,,Beckley,WV,24959,No,,,,,
TS-019,PA,No,No,No,Apollo,Yes,Yes,No,No,New Business,PA-POL-202600019,07/23/2026,07/03/2026,Olivia Bennett,,0,2,Long-term insured with stable operations and no recent claims activity.,Peachtree Risk Solutions,PRS2844,Andrew Collins,andrew.collins@peachtreerisk.com,(404) 555-0159,(404) 555-0190,75 5th St NW,Suite 430,Colorado Springs,CO,80903,11.50%,Metro Atlanta Transport LLC,Metro Atlanta Transport,Trust,Abigail Turner,4300 E 49th St,Unit 1,Morgantown,WV,24893.0,2600 Pleasantdale Rd,Building 2,Philadelphia,PA,19187,info@metroatlantatransport.com,(404) 555-0180,Yes,,,,,,No,2014.0,Common Carriers,,Yes,MC-104773,Federal,Yes,12,58-9012647,2600 Pleasantdale Rd,Building 2,Erie,PA,15328,Yes,"15 Enterprise Ct, Fairfax, VA 22030","430 Service Rd, Arlington, VA 22201","802 Fleet Ave, Alexandria, VA 22314","120 Storage Blvd, Manassas, VA 20110","910 Dispatch Ln, Leesburg, VA 20175"
TS-020,NC,No,No,No,Apollo,Yes,Yes,No,No,New Business,NC-POL-202600020,08/24/2026,07/03/2026,Natalie Reed,,5,0,Recent acquisition added new drivers and units; temporary surcharge applied.,Palmetto Insurance Exchange,PIE1128,Kevin Brooks,kevin.brooks@palmettoiex.com,(803) 555-0170,(803) 555-0188,1100 Laurel St,Floor 4,Stamford,CT,6901,16.50%,Lowcountry Distribution Trust,Lowcountry Distribution,Estate,,,,,,,4450 Rivers Ave,Suite 210,Greensboro,NC,27404,contact@lowcountrydistribution.com,(843) 555-0194,Yes,,,,,,No,2019.0,Other,"Dedicated Contract Carrier providing insured transportation services across commercial routes, operating compliant vehicles, trained drivers, cargo tracking, and scheduled pickup and delivery for diverse customer shipments.",,MC-688412,Both,Yes,7,73-0152846,4450 Rivers Ave,Suite 210,Greensboro,NC,27379,No,,,,,
TS-021,NC,No,No,No,Apollo,Yes,Yes,No,No,New Business,NC-POL-202600021,07/30/2026,07/03/2026,Samantha Hayes,,0,4,Preferred account with well-documented safety training and telematics.,Blue Ridge Transportation Advisors,BRT3417,Hannah Patel,hannah.patel@blueridgetrans.com,(919) 555-0134,(919) 555-0184,1201 Falls of Neuse Rd,Suite 205,Wilmington,DE,19801,12.50%,Carolina Coastal Logistics LLC,Carolina Coastal Logistics,Individual,,,,,,,4217 Atlantic Ave,Unit 3,Greensboro,NC,27405,ops@carolinacoastallogistics.com,(910) 555-0144,Yes,,,,,,No,2012.0,Common Carriers,,Yes,MC-561904,,No,14,56-3184027,4217 Atlantic Ave,Unit 3,Greensboro,NC,27275,No,,,,,
TS-022,NC,No,No,No,Apollo,Yes,Yes,No,No,New Business,NC-POL-202600022,07/23/2026,07/03/2026,Marcus Lee,,3,0,Added surcharge for newer driver cohort and limited loss history.,Keystone Commercial Brokerage,KCB5582,Lauren Mitchell,lauren.mitchell@keystonecb.com,(215) 555-0161,(215) 555-0189,225 Market St,Floor 8,Orlando,FL,32801,0.15,Allegheny Freight Partners,Allegheny Freight,Corporation,,,,,,,908 Liberty Ave,Suite 500,Greensboro,NC,27406,dispatch@alleghenyfreight.com,(412) 555-0176,No,925 H St NE,Unit B,Charleston,WV,25032.0,No,2008.0,Private Carrier,,Yes,MC-772115,State,Yes,18,23-7419825,908 Liberty Ave,Suite 500,Greensboro,NC,27815,No,,,,,
TS-023,PA,No,No,No,Apollo,Yes,Yes,No,No,New Business,PA-POL-202600023,08/10/2026,07/03/2026,Rebecca Turner,,0,2,Fleet operated with stable routes and improved DAC reports.,Commonwealth Risk Services,CRS1904,Derek Whitman,derek.whitman@commonwealthrisk.com,(804) 555-0128,(804) 555-0196,401 E Cary St,Suite 1200,Augusta,GA,30901,10.50%,Shenandoah Transport Group,Shenandoah Transport,LLC,,,,,,,7800 Forest Hill Ave,Building 4,Philadelphia,PA,19197,admin@shenandoahtransport.com,(804) 555-0137,Yes,,,,,,No,1999.0,Contract Carriers,,Yes,MC-908631,Federal,Yes,27,54-6197732,7800 Forest Hill Ave,Building 4,Allentown,PA,15594,No,,,,,
TS-024,NC,No,No,No,Apollo,Yes,Yes,No,No,New Business,NC-POL-202600024,07/25/2026,07/03/2026,Jordan Price,,5,0,Temporary surcharge for new terminal expansion and added units.,Chesapeake Underwriting Group,CUG4079,Nicole Adams,nicole.adams@chesapeakeug.com,(410) 555-0149,(410) 555-0194,100 S Charles St,Suite 1100,Honolulu,HI,96813,0.15,Mid-Atlantic Haulers Estate,Mid-Atlantic Haulers,Partnership,,,,,,,3100 St Paul St,Apt 6B,Raleigh,NC,27608,claims@midatlantichaulers.com,(410) 555-0158,Yes,,,,,,Yes,,Other,"Flatbed Transport Carrier providing insured transportation services across commercial routes, operating compliant vehicles, trained drivers, cargo tracking, and scheduled pickup and delivery for diverse customer shipments.",,MC-450827,Both,Yes,0,52-8801146,3100 St Paul St,Apt 6B,Raleigh,NC,27447,No,,,,,
TS-025,WV,No,No,No,Apollo,Yes,Yes,No,No,New Business,WV-POL-202600025,08/15/2026,07/03/2026,Alyssa Morgan,,0,1,Minor credit for mature operation with centralized dispatch controls.,Diamond State Insurance Partners,DSI6638,Brian Coleman,brian.coleman@diamondstateip.com,(302) 555-0118,(302) 555-0198,600 N King St,Suite 300,Springfield,IL,62701,0.14,Delaware River Logistics Trust,Delaware River Logistics,Joint Venture,,,,,,,14 Georgetown Plaza,Office 2,Huntington,WV,25162,service@delawareriverlogistics.com,(302) 555-0126,Yes,,,,,,No,2010.0,Owner of Cargo,,,MC-663904,,No,16,51-3746209,14 Georgetown Plaza,Office 2,Huntington,WV,25162,No,,,,,
TS-026,NC,No,No,No,Apollo,Yes,Yes,No,No,New Business,NC-POL-202600026,07/03/2026,07/03/2026,Kevin Ramirez,,2,0,Surcharge applied due to recent unit acquisition and limited driver tenure.,Buckeye Fleet Insurance,BFI2257,Erin Johnson,erin.johnson@buckeyefleet.com,(614) 555-0131,(614) 555-0191,88 E Broad St,Suite 910,Peoria,IL,61602,0.16,Great Lakes Motor Lines LLC,Great Lakes Motor Lines,Trust,Tyler Johnson,4101 E Broadway Rd,Suite 12,Charleston,WV,25098.0,2450 Morse Rd,Dock 12,Newport,NC,28570,fleet@greatlakesmotorlines.com,(614) 555-0138,Yes,,,,,,No,2016.0,Common Carriers,,Yes,MC-119840,State,Yes,10,31-6402857,2450 Morse Rd,Dock 12,Asheville,NC,27385,No,,,,,
TS-027,PA,No,No,No,Apollo,Yes,Yes,No,No,New Business,PA-POL-202600027,08/25/2026,07/03/2026,Olivia Carter,,0,3,Good loss performance and GPS-based fleet monitoring support credit.,Desert Ridge Risk Advisors,DRA7329,Carlos Hernandez,carlos.hernandez@desertridgerisk.com,(602) 555-0147,(602) 555-0197,2500 N 24th St,Suite 340,Des Moines,IA,50309,0.11,Sonoran Valley Transport Inc,Sonoran Valley Transport,Estate,,,,,,,4111 S 48th St,Building 7,Philadelphia,PA,19255,operations@sonoranvalleytransport.com,(602) 555-0157,No,1400 New York Ave NE,Dock 1,Raleigh,NC,27690.0,No,2003.0,Private Carrier,,No,MC-770418,Federal,Yes,23,86-2054179,4111 S 48th St,Building 7,Philadelphia,PA,15811,No,,,,,
TS-028,WV,No,No,No,Apollo,Yes,Yes,No,No,New Business,WV-POL-202600028,07/29/2026,07/03/2026,Megan Foster,,4,0,Urban territory and higher exposure warranted a manual surcharge.,Golden Gate Commercial Agency,GGC4890,Jasmine Nguyen,jasmine.nguyen@goldengateca.com,(415) 555-0122,(415) 555-0192,345 California St,Floor 22,Topeka,KS,66603,13.50%,Pacific Crest Freight Corporation,Pacific Crest Freight,Individual,,,,,,,7800 Industry Way,Suite 180,Wheeling,WV,25483,contact@pacificcrestfreight.com,(323) 555-0129,Yes,,,,,,No,1995.0,Contract Carriers,,Yes,MC-992614,Both,Yes,31,94-6173928,7800 Industry Way,Suite 180,Wheeling,WV,25483,No,,,,,
TS-029,DE,No,No,No,Apollo,Yes,Yes,No,No,New Business,DE-POL-202600029,08/29/2026,07/03/2026,Daniel Ross,,0,18,Credit granted for multi-year tenure and dispatch discipline.,Atlanta Metro Coverage,AMC6153,Tiffany Moore,tiffany.moore@atlantametrocoverage.com,(770) 555-0140,(770) 555-0190,55 Marietta St NW,Suite 1600,Frankfort,KY,40601,0.18,Peachtree State Carriers Trust,Peachtree State Carriers,Corporation,,,,,,,2150 Cumberland Pkwy SE,Office 14,Bear,DE,19701,admin@peachtreecarriers.com,(770) 555-0141,Yes,,,,,,No,2011.0,Owner of Cargo,,,MC-508773,,No,15,58-9312054,2150 Cumberland Pkwy SE,Office 14,Dover,DE,19990,No,,,,,
TS-030,MD,No,No,No,Apollo,Yes,Yes,No,No,New Business,MD-POL-202600030,08/11/2026,07/03/2026,Emily Sanders,,1,0,Small surcharge for limited operating history at new location.,Carolina Lowcountry Insurance,CLI2745,Peter Lawson,peter.lawson@carolinalowcountry.com,(843) 555-0152,(843) 555-0193,171 Ashley Ave,Suite 220,Louisville,KY,40202,0.12,Lowcountry Freight Exchange LLC,Lowcountry Freight Exchange,LLC,,,,,,,1012 Meeting St,Building 9,Annapolis Junction,MD,20701,billing@lowcountryfreightexchange.com,(843) 555-0153,Yes,,,,,,No,2020.0,Common Carriers,,Yes,MC-630845,State,Yes,6,73-4908162,1012 Meeting St,Building 9,Annapolis,MD,21533,No,,,,,
TS-031,DE,No,No,No,Apollo,Yes,Yes,No,No,New Business,DE-POL-202600031,08/04/2026,07/03/2026,Tyler Green,,6,0,Higher surcharge due to recent expansion and higher mileage radius.,Silver State Brokerage,SSB8421,Maya Thompson,maya.thompson@silverstatebrok.com,(702) 555-0139,(702) 555-0195,201 S Las Vegas Blvd,Suite 600,Baton Rouge,LA,70801,0.19,Desert Sky Transport LLC,Desert Sky Transport,Partnership,,,,,,,4900 Tropicana Ave,Warehouse 3,Newark,DE,19702,info@desertskytransport.com,(702) 555-0160,Yes,,,,,,Yes,,Other,"General Freight Carrier providing insured transportation services across commercial routes, operating compliant vehicles, trained drivers, cargo tracking, and scheduled pickup and delivery for diverse customer shipments.",,MC-318705,Federal,Yes,0,88-1054963,4900 Tropicana Ave,Warehouse 3,Middletown,DE,20344,Yes,"700 Business Park Dr, Roanoke, VA 24012","1220 Carrier Rd, Salem, VA 24153","65 Trucker Ln, Lynchburg, VA 24501","980 Freight Dr, Bedford, VA 24523","777 Route Hub Rd, Danville, VA 24540"
TS-032,DC,No,No,No,Apollo,Yes,Yes,No,No,New Business,DC-POL-202600032,07/06/2026,07/03/2026,Rachel Nguyen,,0,1,Clean account with controlled downtown exposure.,Capitol Commercial Insurance,CCI3398,Omar Fields,omar.fields@capitolcommercial.com,(202) 555-0116,(202) 555-0199,700 13th St NW,Suite 850,Shreveport,LA,71101,0.1,Potomac Cargo Services Inc,Potomac Cargo Services,Joint Venture,,,,,,,1200 New Jersey Ave SE,Unit 400,Washington D.C.,DC,20022,service@potomaccargoservices.com,(202) 555-0120,Yes,,,,,,No,2014.0,Private Carrier,,Yes,MC-224617,Both,Yes,12,26-8301145,1200 New Jersey Ave SE,Unit 400,Georgetown,DC,20678,No,,,,,
TS-033,NC,No,No,No,Apollo,Yes,Yes,No,No,New Business,NC-POL-202600033,08/14/2026,07/03/2026,Patrick Bell,,0,2,Credit applied for disciplined regional routes and low claim frequency.,Mountain State Risk,MSR7781,Rebecca Hall,rebecca.hall@mountainstaterisk.com,(304) 555-0148,(304) 555-0191,300 Capitol St,Suite 410,Baltimore,MD,21202,0.17,Appalachian Transport Estate,Appalachian Transport,Trust,Tyler Johnson,1900 Freedom Dr,Building 2,Philadelphia,PA,19181.0,901 Kanawha Blvd E,Office 3,Charlotte,NC,28208,ops@appalachiantransport.com,(304) 555-0149,No,4200 Essington Ave,Building 9,Philadelphia,PA,19148.0,No,2007.0,Contract Carriers,,Yes,MC-547901,,No,19,55-0487612,901 Kanawha Blvd E,Office 3,Charlotte,NC,27107,No,,,,,
TS-034,DC,No,No,No,Apollo,Yes,Yes,No,No,New Business,DC-POL-202600034,08/20/2026,07/03/2026,Laura Simmons,,2,0,Surcharge due to mixed fleet utilization and new authority.,Trinity Freight Insurance,TFI9182,Evan Martinez,evan.martinez@trinityfreightins.com,(214) 555-0173,(214) 555-0190,221 W 6th St,Suite 1400,Worcester,MA,1608,0.13,Lone Oak Motor Freight LLC,Lone Oak Motor Freight,Estate,,,,,,,8800 Freeport Pkwy,Suite 210,Washington,DC,20007,contact@loneoakmotorfreight.com,(972) 555-0174,Yes,,,,,,No,2001.0,Common Carriers,,Yes,MC-780926,State,Yes,25,75-2064189,8800 Freeport Pkwy,Suite 210,Shaw,DC,20902,No,,,,,
TS-035,NC,No,No,No,Apollo,Yes,Yes,No,No,New Business,NC-POL-202600035,07/23/2026,07/03/2026,Nicole Foster,,0,8,Standard terms with no underwriting deviations.,Pinehurst Transport Solutions,PTS6044,William Carter,william.carter@pinehurstts.com,(336) 555-0127,(336) 555-0194,110 S Elm St,Floor 3,Lansing,MI,48933,14.50%,Triad Freight Lines Corporation,Triad Freight Lines,Individual,,,,,,,1801 Spring Garden St,Warehouse 6,Charlotte,NC,28208,admin@triadfreightlines.com,(336) 555-0129,Yes,,,,,,No,2018.0,Private Carrier,,No,MC-665803,Federal,Yes,8,56-8029417,1801 Spring Garden St,Warehouse 6,Charlotte,NC,27230,No,,,,,
TS-036,PA,No,No,No,Apollo,Yes,Yes,No,No,New Business,PA-POL-202600036,08/19/2026,07/03/2026,Jason Kim,,0,5,Best-in-class safety controls and telematics justified a strong credit.,Copper State Commercial Group,CSG5820,Olivia Martinez,olivia.martinez@copperstatecg.com,(480) 555-0164,(480) 555-0199,11811 N Tatum Blvd,Suite 240,Jackson,MS,39201,18.50%,Arizona Desert Logistics Trust,Arizona Desert Logistics,Corporation,,,,,,,7620 W Roosevelt St,Dock 8,Philadelphia,PA,19170,dispatch@arizonadesertlogistics.com,(623) 555-0168,Yes,,,,,,No,2009.0,Owner of Cargo,,,MC-401728,Both,Yes,17,86-7593204,7620 W Roosevelt St,Dock 8,Lancaster,PA,15245,No,,,,,
TS-037,DE,No,No,No,Apollo,Yes,Yes,No,No,New Business,DE-POL-202600037,08/07/2026,07/03/2026,Hannah Ellis,,0,4,No deviations; submission met standard underwriting appetite.,First State Freight Agency,FSF7750,Jordan Pierce,jordan.pierce@firststatefreight.com,(302) 555-0171,(302) 555-0197,1201 N Orange St,Suite 700,St. Louis,MO,63101,11.50%,Brandywine Transport LLC,Brandywine Transport,LLC,,,,,,,901 S Dupont Hwy,Suite 12,Hockessin,DE,19707,info@brandywinetransport.com,(302) 555-0172,Yes,,,,,,No,2013.0,Other,"Container Hauling Carrier providing insured transportation services across commercial routes, operating compliant vehicles, trained drivers, cargo tracking, and scheduled pickup and delivery for diverse customer shipments.",,MC-256918,,No,13,51-9027841,901 S Dupont Hwy,Suite 12,Newark,DE,19797,No,,,,,
TS-038,MD,No,No,No,Apollo,Yes,Yes,No,No,New Business,MD-POL-202600038,07/30/2026,07/03/2026,Mason Walker,,1,1,Balanced risks with slight surcharge for a new lane profile.,Central Ohio Transportation Brokers,COT2941,Sophia Bennett,sophia.bennett@centralohtb.com,(937) 555-0155,(937) 555-0195,400 Linden Ave,Suite 100,Springfield,MO,65806,16.50%,Midwest Route Management Inc,Midwest Route Management,Partnership,,,,,,,5100 Hilliard Rome Rd,Building B,Prince Frederick,MD,20678,service@midwestroutemanagement.com,(614) 555-0156,Yes,,,,,,No,2015.0,Contract Carriers,,No,MC-744520,State,Yes,11,31-5076924,5100 Hilliard Rome Rd,Building B,Frederick,MD,20813,No,,,,,
TS-039,DE,No,No,No,Apollo,Yes,Yes,No,No,New Business,DE-POL-202600039,08/03/2026,07/03/2026,Isabella Reed,,0,2,Credit approved for documented driver coaching and stable revenue.,Southeast Freight Underwriters,SFU6614,Noah Wilson,noah.wilson@southeastfreightu.com,(678) 555-0119,(678) 555-0198,6000 Peachtree Dunwoody Rd,Suite 400,Omaha,NE,68102,15.50%,Georgia Mountain Transport Partnership,Georgia Mountain Transport,Joint Venture,,,,,,,1200 Cobb Pkwy N,Unit 10,Wilmington,DE,19801,info@georgiamountaintransport.com,(770) 555-0163,Yes,,,,,,No,2006.0,Private Carrier,,Yes,MC-962341,Federal,Yes,20,58-1409276,1200 Cobb Pkwy N,Unit 10,Wilmington,DE,20456,No,,,,,
TS-040,PA,No,No,No,Apollo,Yes,Yes,No,No,New Business,PA-POL-202600040,07/09/2026,07/03/2026,Elena Brooks,,4,0,Manual surcharge due to recent claims severity and territory exposure.,Palmetto Coastal Coverage,PCC8036,Grace Turner,grace.turner@palmettocoastal.com,(864) 555-0133,(864) 555-0196,120 Main St,Suite 240,Lincoln,NE,68508,20%,Coastal Highway Carriers LLC,Coastal Highway Carriers,Trust,Maya Patel,2208 London Bridge Rd,Building 6,Ophelia,VA,22530.0,4100 Dorchester Rd,Building 1,Philadelphia,PA,19151,ops@coastalhighwaycarriers.com,(843) 555-0135,Yes,,,,,,No,2017.0,Common Carriers,,No,MC-183745,Both,Yes,9,73-6209841,4100 Dorchester Rd,Building 1,Pittsburgh,PA,15472,No,,,,,
TS-041,DC,No,No,No,Apollo,Yes,Yes,No,No,New Business,DC-POL-202600041,08/14/2026,07/03/2026,Avery Mitchell,,2,17,Slight surcharge applied for mixed radius operation and limited loss history.,Carolina Corridor Insurance Group,CCIG4827,Olivia Parker,olivia.parker@carolinacorridor.com,(919) 555-0148,(919) 555-0191,215 Fayetteville St,Suite 305,Carson City,NV,89701,15%,Blue Ridge Freight Solutions LLC,Blue Ridge Freight Solutions,Estate,,,,,,,4800 Glenwood Ave,Suite 120,Washington D.C.,DC,20022,contact@blueridgefreightsolutions.com,(919) 555-0149,No,2222 W Southern Ave,Unit 9,Morgantown,WV,25291.0,No,2014.0,Contract Carriers,,Yes,MC-481927,,No,12,56-3849201,4800 Glenwood Ave,Suite 120,Washington,DC,20760,No,,,,,
TS-042,VA,No,No,No,Apollo,Yes,Yes,No,No,New Business,VA-POL-202600042,07/03/2026,07/03/2026,Jordan Hayes,,0,3,Credit granted for telematics rollout and stable fleet maintenance records.,Potomac Trucking Partners,PTP7395,Ethan Collins,ethan.collins@potomactrucking.com,(804) 555-0167,(804) 555-0194,901 W Cary St,Floor 2,Manchester,NH,3101,16.50%,Atlantic Haulage Corporation,Atlantic Haulage,Individual,,,,,,,1701 North Parham Rd,Building 4,Warsaw,VA,22572,dispatch@atlantichaulage.com,(804) 555-0168,Yes,,,,,,No,2009.0,Common Carriers,,Yes,MC-593814,State,Yes,17,54-2198763,1701 North Parham Rd,Building 4,Norfolk,VA,22589,No,,,,,
TS-043,DE,No,No,No,Apollo,Yes,Yes,No,No,New Business,DE-POL-202600043,07/19/2026,07/03/2026,Mia Bennett,,1,0,Manual surcharge due to urban garaging and prior late filings.,Keystone Motor Risk Agency,KMRA6108,Lucas Rivera,lucas.rivera@keystonemotorrisk.com,(412) 555-0138,(412) 555-0198,600 Grant St,Suite 700,Jersey City,NJ,7302,14.50%,Liberty Valley Delivery Co,Liberty Valley Delivery,Corporation,,,,,,,2450 Smallman St,Warehouse 6,Newark,DE,19712,admin@libertyvalleydelivery.com,(412) 555-0139,Yes,,,,,,No,2011.0,Private Carrier,,Yes,MC-672905,Federal,Yes,15,23-7458106,2450 Smallman St,Warehouse 6,Newark,DE,20047,Yes,"210 Market St, Norfolk, VA 23510","88 Harbor Blvd, Virginia Beach, VA 23451","900 Cargo Ct, Chesapeake, VA 23320","145 Transit Way, Suffolk, VA 23434","501 Depot Ave, Portsmouth, VA 23704"
TS-044,MD,No,No,No,Apollo,Yes,Yes,No,No,New Business,MD-POL-202600044,08/27/2026,07/03/2026,Noah Walker,,3,1,Surcharge for new yard location and incomplete unit schedule at submission.,Peachtree State Transport Advisors,PSTA2846,Emma Thompson,emma.thompson@peachtreestatet.com,(770) 555-0127,(770) 555-0192,1100 Peachtree St NE,Suite 1600,Albany,NY,12207,17%,Georgia Commerce Haulers Inc,Georgia Commerce Haulers,LLC,,,,,,,1890 Buford Hwy,Suite B,Welcome,MD,20693,contact@georgiacommercehaulers.com,(770) 555-0128,Yes,,,,,,No,2018.0,Owner of Cargo,,,MC-814692,Both,Yes,8,58-9043172,1890 Buford Hwy,Suite B,Rockville,MD,20928,No,,,,,
TS-045,MD,No,No,No,Apollo,Yes,Yes,No,No,New Business,MD-POL-202600045,08/26/2026,07/03/2026,Harper Lewis,,0,2,Credit allowed based on clean inspections and no reported road losses.,Lowcountry Transport Services,LTS9054,Grace Phillips,grace.phillips@lowcountryts.com,(843) 555-0172,(843) 555-0197,700 Elmwood Ave,Suite 14,New York,NY,10007,12.50%,Carolina Sandline Logistics,Carolina Sandline Logistics,Partnership,,,,,,,1450 S Assembly St,Suite 210,White Plains,MD,20695,support@carolinasandline.com,(843) 555-0173,No,1400 New York Ave NE,Dock 1,Raleigh,NC,27690.0,No,2010.0,Contract Carriers,,Yes,MC-237560,,No,16,61-2849057,1450 S Assembly St,Suite 210,Bowie,MD,21587,No,,,,,
TS-046,DE,No,No,No,Apollo,Yes,Yes,No,No,New Business,DE-POL-202600046,08/23/2026,07/03/2026,Chloe Martin,,5,0,Higher surcharge due to adverse experience in dense metro delivery territory.,Buckeye Freight Underwriters,BFU4371,Nathan Scott,nathan.scott@buckeyefreightu.com,(614) 555-0190,(614) 555-0193,250 S High St,Floor 3,Raleigh,NC,27601,18.50%,Heartland Distribution Group,Heartland Distribution,Joint Venture,,,,,,,9050 Alum Creek Dr,Building C,Newark,DE,19713,claims@heartlanddistribution.com,(614) 555-0191,Yes,,,,,,No,2003.0,Common Carriers,,No,MC-908527,State,Yes,23,31-6704829,9050 Alum Creek Dr,Building C,Newark,DE,19902,No,,,,,
TS-047,WV,No,No,No,Apollo,Yes,Yes,No,No,New Business,WV-POL-202600047,07/10/2026,07/03/2026,Evelyn Johnson,,2,2,Offsetting adjustments applied for driver safety program and desert exposure.,Southwest Corridor Insurance,SWC8263,Aiden Foster,aiden.foster@southwestcorridor.com,(602) 555-0144,(602) 555-0190,4500 N 12th St,Suite 100,Cincinnati,OH,45202,13.50%,Desert Mesa Transport LLC,Desert Mesa Transport,Trust,Brianna King,2300 E Craig Rd,Warehouse 4,Locust Grove,VA,22508.0,4101 E Broadway Rd,Suite 12,Charleston,WV,25098,operations@desertmesatransport.com,(602) 555-0145,Yes,,,,,,No,2016.0,Private Carrier,,Yes,MC-125980,Federal,Yes,10,86-4092751,4101 E Broadway Rd,Suite 12,Charleston,WV,25098,No,,,,,
TS-048,PA,No,No,No,Apollo,Yes,Yes,No,No,New Business,PA-POL-202600048,08/29/2026,07/03/2026,Liam Carter,,4,0,Manual surcharge for long-haul exposure and intermittent unit schedule updates.,Lone Star Fleet Brokers,LSFB5192,Zoe Adams,zoe.adams@lonestarfleetbrokers.com,(512) 555-0182,(512) 555-0199,100 Congress Ave,Suite 2100,Columbus,OH,43215,19%,Texas Metro Freight Inc,Texas Metro Freight,Estate,,,,,,,6801 N Lamar Blvd,Building 7,Philadelphia,PA,19155,info@texasmetrofreight.com,(512) 555-0183,Yes,,,,,,No,2008.0,Common Carriers,,Yes,MC-703458,Both,Yes,18,74-6183059,6801 N Lamar Blvd,Building 7,Lancaster,PA,15315,No,,,,,
TS-049,WV,No,No,No,Apollo,Yes,Yes,No,No,New Business,WV-POL-202600049,07/06/2026,07/03/2026,Sofia Nelson,,0,1,Minor credit for consistent servicing and low annual mileage.,Delmarva Commercial Lines,DCL6048,Henry Moore,henry.moore@delmarvacommercial.com,(302) 555-0131,(302) 555-0196,1201 N Market St,Suite 500,Salem,OR,97301,11.50%,First State Logistics Group,First State Logistics,Individual,,,,,,,2300 Sussex Hwy,Unit 4,Beckley,WV,25580,dispatch@firststatelogistics.com,(302) 555-0132,Yes,,,,,,No,2012.0,Owner of Cargo,,,MC-341786,,No,14,51-9284067,2300 Sussex Hwy,Unit 4,Beckley,WV,25580,No,,,,,
TS-050,MD,No,No,No,Apollo,Yes,Yes,No,No,New Business,MD-POL-202600050,08/08/2026,07/03/2026,Isabella Kim,,3,0,Surcharge due to congested territory and higher vehicle utilization.,Pacific Route Coverage,PRC7714,Benjamin Lee,benjamin.lee@pacificroutecoverage.com,(916) 555-0124,(916) 555-0190,500 Capitol Mall,Suite 820,Harrisburg,PA,17101,20%,Golden Coast Transport LLC,Golden Coast Transport,Corporation,,,,,,,8800 Airport Blvd,Unit 9,Beltsville,MD,20704,service@goldencoasttransport.com,(916) 555-0125,Yes,,,,,,No,2005.0,Private Carrier,,Yes,MC-659241,State,Yes,21,94-6152087,8800 Airport Blvd,Unit 9,Frederick,MD,21574,No,,,,,
TS-051,NC,No,No,No,Apollo,Yes,Yes,No,No,New Business,NC-POL-202600051,08/30/2026,07/03/2026,Amelia Green,,1,1,Balanced rating with modest surcharge for mixed local and regional routes.,Chesapeake Fleet Solutions,CFS1986,Daniel Harris,daniel.harris@chesapeakefleet.com,(410) 555-0159,(410) 555-0193,100 Light St,Floor 21,Providence,RI,2903,10%,Old Line Freight Services,Old Line Freight,LLC,,,,,,,7501 Coastal Hwy,Suite 11,Greensboro,NC,27406,info@oldlinefreight.com,(410) 555-0160,No,908 Liberty Ave,Suite 500,Greensboro,NC,27406.0,No,2013.0,Contract Carriers,,Yes,MC-482703,Federal,Yes,13,52-7803419,7501 Coastal Hwy,Suite 11,Greensboro,NC,27612,No,,,,,
TS-052,DE,No,No,No,Apollo,Yes,Yes,No,No,New Business,DE-POL-202600052,08/07/2026,07/03/2026,William Perez,,2,0,Surcharge assigned for mountain route exposure and limited fleet history.,Mountain State Risk Partners,MSRP4529,Harper Jones,harper.jones@mountainstaterisk.com,(304) 555-0142,(304) 555-0195,600 Lee St E,Suite 200,Warwick,RI,2886,17.50%,Appalachian Haulage Services,Appalachian Haulage,Partnership,,,,,,,1801 Mileground Rd,Building 2,Dover,DE,19904,contact@appalachianhaulage.com,(304) 555-0143,Yes,,,,,,No,2019.0,Common Carriers,,Yes,MC-751294,Both,Yes,7,37-6458920,1801 Mileground Rd,Building 2,Dover,DE,20220,No,,,,,
TS-053,NC,No,No,No,Apollo,Yes,Yes,No,No,New Business,NC-POL-202600053,07/31/2026,07/03/2026,Charlotte King,,0,2,Credit applied for strong maintenance documentation and no prior losses.,Silver State Transport Advisors,SSTA3390,Mason Clark,mason.clark@silverstatetransport.com,(702) 555-0189,(702) 555-0194,725 S 8th St,Suite 410,Pierre,SD,57501,14%,Sierra Freight Network LLC,Sierra Freight Network,Joint Venture,,,,,,,4500 S Maryland Pkwy,Unit 8,Greensboro,NC,27409,ops@sierrafreightnetwork.com,(702) 555-0190,Yes,,,,,,No,2011.0,Private Carrier,,Yes,MC-614938,,No,15,88-3267541,4500 S Maryland Pkwy,Unit 8,Greensboro,NC,27515,No,,,,,
TS-054,VA,No,No,No,Apollo,Yes,Yes,No,No,New Business,VA-POL-202600054,07/09/2026,07/03/2026,Ethan Brooks,,5,15,Higher surcharge due to inner-city parking and frequent stop-and-go exposure.,Capital Region Auto Brokers,CRAB1184,Abigail Turner,abigail.turner@capitalregionauto.com,(202) 555-0126,(202) 555-0197,1350 Connecticut Ave NW,Suite 600,Columbia,SC,29201,16%,Metro District Logistics Inc,Metro District Logistics,Trust,Brandon Scott,5000 Industrial Rd,Building 8,Hockessin,DE,19707.0,900 7th St NW,Floor 5,Hague,VA,22469,dispatch@metrodistrictlogistics.com,(202) 555-0127,Yes,,,,,,No,2007.0,Contract Carriers,,Yes,MC-837451,State,Yes,19,47-5092861,900 7th St NW,Floor 5,Richmond,VA,22738,No,,,,,
TS-055,NC,No,No,No,Apollo,Yes,Yes,No,No,New Business,NC-POL-202600055,08/14/2026,07/03/2026,Madison Reed,,1,15,Small surcharge offset by credit for well-documented PM program.,First State Fleet Agency,FSFA5901,Caleb White,caleb.white@firststatefleet.com,(302) 555-0165,(302) 555-0192,2200 Pennsylvania Ave,Suite 300,Dallas,TX,75201,18%,Brandywine Cargo Movers,Brandywine Cargo Movers,Estate,,,,,,,1000 N Dupont Hwy,Building 9,Greensboro,NC,27410,hello@brandywinecargomovers.com,(302) 555-0166,Yes,,,,,,No,2015.0,Owner of Cargo,,,MC-295746,Federal,Yes,11,51-9642083,1000 N Dupont Hwy,Building 9,Greensboro,NC,27719,No,,,,,
TS-056,DC,No,No,No,Apollo,Yes,Yes,No,No,New Business,DC-POL-202600056,08/12/2026,07/03/2026,Sophia Carter,,0,15,Credit approved for excellent driver training and secure nightly garaging.,Atlanta Freight & Risk,AFR7729,William Davis,william.davis@atlantafreightrisk.com,(404) 555-0116,(404) 555-0199,950 E Paces Ferry Rd NE,Suite 2500,Ogden,UT,84401,12%,Southern Link Transport LLC,Southern Link Transport,Individual,,,,,,,1500 Johnson Ferry Rd,Suite 10,Washington D.C.,DC,20022,support@southernlinktransport.com,(404) 555-0117,Yes,,,,,,No,2012.0,Private Carrier,,Yes,MC-478126,Both,Yes,14,58-3094756,1500 Johnson Ferry Rd,Suite 10,Brookland,DC,20757,No,,,,,
TS-057,WV,No,No,No,Apollo,Yes,Yes,No,No,New Business,WV-POL-202600057,08/29/2026,07/03/2026,Noah Patel,,2,0,Surcharge for recently expanded delivery radius and new terminal location.,Piedmont Logistics Agency,PLA6442,Isla Morgan,isla.morgan@piedmontlogisticsagency.com,(704) 555-0108,(704) 555-0195,8301 University City Blvd,Suite 120,Burlington,VT,5401,15.50%,Tar Heel Route Services,Tar Heel Route Services,Corporation,,,,,,,3000 S Tryon St,Building D,Morgantown,WV,25033,info@tarheelrouteservices.com,(704) 555-0109,Yes,,,,,,No,2004.0,Common Carriers,,No,MC-562417,,No,22,56-7492018,3000 S Tryon St,Building D,Morgantown,WV,25033,No,,,,,
TS-058,NC,No,No,No,Apollo,Yes,Yes,No,No,New Business,NC-POL-202600058,08/29/2026,07/03/2026,Elijah Scott,,1,1,Minor adjustments due to mixed fleet ages and moderate annual mileage.,Gulf Coast Cargo Insurance,GCCI3847,Ella Hughes,ella.hughes@gulfcoastcargo.com,(713) 555-0176,(713) 555-0190,1600 Smith St,Suite 210,Norfolk,VA,23510,19.50%,Lone Oak Transport Partnership,Lone Oak Transport,LLC,,,,,,,8700 Clay Rd,Warehouse 3,Winston-Salem,NC,27115,dispatch@loneoaktransport.com,(713) 555-0177,Yes,,,,,,No,2017.0,Contract Carriers,,No,MC-830615,State,Yes,9,74-5109286,8700 Clay Rd,Warehouse 3,Asheville,NC,27952,No,,,,,
TS-059,NC,No,No,No,Apollo,Yes,Yes,No,No,New Business,NC-POL-202600059,08/22/2026,07/03/2026,Lily Anderson,,4,0,Manual surcharge due to elevated claims frequency and specialty freight profile.,Blue Ridge State Brokers,BRS1638,Owen Martin,owen.martin@blueridgestatebrokers.com,(757) 555-0151,(757) 555-0198,150 Granby St,Suite 900,Tacoma,WA,98402,10.50%,Shenandoah Logistics Partners,Shenandoah Logistics,Partnership,,,,,,,4101 Park Ave,Floor 4,Winston-Salem,NC,27115,contact@shenandoahlogistics.com,(757) 555-0152,No,4101 Park Ave,Floor 4,Winston-Salem,NC,27115.0,No,2010.0,Common Carriers,,No,MC-409286,Federal,Yes,16,54-8726150,4101 Park Ave,Floor 4,Durham,NC,27634,No,,,,,
TS-060,MD,No,No,No,Apollo,Yes,Yes,No,No,New Business,MD-POL-202600060,08/15/2026,07/03/2026,Harper Davis,,2,0,Surcharge due to high-temperature territory and expanding fleet count.,Copper State Commercial Lines,CSCL9147,Ruby Wilson,ruby.wilson@copperstatecommercial.com,(480) 555-0168,(480) 555-0191,1010 E Washington St,Suite 120,Charleston,WV,25301,13%,Sonoran Freight Logistics LLC,Sonoran Freight Logistics,Joint Venture,,,,,,,2301 W Camelback Rd,Building 5,Laurel,MD,20708,service@sonoranfreightlogistics.com,(480) 555-0169,Yes,,,,,,No,2001.0,Owner of Cargo,,,MC-546297,Both,Yes,25,86-7041935,2301 W Camelback Rd,Building 5,Rockville,MD,21198,No,,,,,
TS-061,WV,No,No,No,Apollo,Yes,Yes,No,No,New Business,WV-POL-202600061,07/31/2026,07/03/2026,Mason Turner,,0,2,"Credit for strong safety culture, clean MVRs, and secure depot storage.",Great Lakes Transit Underwriters,GLTU2574,Nora Evans,nora.evans@greatlakestransit.com,(216) 555-0181,(216) 555-0194,200 Public Square,Suite 1800,Madison,WI,53703,12.50%,Buckeye Interstate Cargo Co,Buckeye Interstate Cargo,Trust,Maya Patel,800 Meeting St,Suite 150,Washington,DC,20007.0,4300 E 49th St,Unit 1,Morgantown,WV,24893,ops@buckeyeinterstatecargo.com,(216) 555-0182,Yes,,,,,,No,2008.0,Private Carrier,,Yes,MC-690184,,No,18,31-4809265,4300 E 49th St,Unit 1,Morgantown,WV,24893,No,,,,,
TS-062,NC,No,No,No,Apollo,Yes,Yes,No,No,New Business,NC-POL-202600062,07/15/2026,07/03/2026,Ava Thompson,,3,0,Manual surcharge applied for moderate fleet expansion and mixed-haul operations.,Lone Star Transportation Brokers,LSTB4821,Marcus Hill,marcus.hill@lonestartransportbrokers.com,(214) 555-0147,(214) 555-0197,3100 McKinney Ave,Suite 1400,Laramie,WY,82070,14.50%,Pecos Valley Freight LLC,Pecos Valley Freight,Estate,,,,,,,1825 N Central Expy,Building C,Raleigh,NC,27661,operations@pecosvalleyfreight.com,(214) 555-0148,Yes,,,,,,No,2012.0,Private Carrier,,Yes,MC-718452,State,Yes,14,75-6049183,1825 N Central Expy,Building C,Raleigh,NC,27783,No,,,,,
TS-063,WV,No,No,No,Apollo,Yes,Yes,No,No,New Business,WV-POL-202600063,08/03/2026,07/03/2026,Benjamin Carter,,0,2,"Credit granted for clean loss history, telematics program, and driver training.",Pacific Crest Risk Advisors,PCRA7390,Elena Ramirez,elena.ramirez@pacificcrestrisk.com,(415) 555-0139,(415) 555-0199,88 Spear St,Floor 21,Birmingham,AL,35203,11%,Golden Gate Produce Carriers Inc,Golden Gate Produce Carriers,Individual,,,,,,,1200 3rd St,Suite 210,Charleston,WV,25611,fleet@goldengateproducecarriers.com,(415) 555-0140,Yes,,,,,,No,2007.0,Common Carriers,,Yes,MC-604389,Federal,Yes,19,94-2187306,1200 3rd St,Suite 210,Charleston,WV,25611,No,,,,,
TS-064,WV,No,No,No,Apollo,Yes,Yes,No,No,New Business,WV-POL-202600064,08/21/2026,07/03/2026,Chloe Bennett,,1,1,Small surcharge applied for new dispatch software implementation and route changes.,Midwest Freight Coverage Group,MFCG2058,Derek Collins,derek.collins@midwestfreightcoverage.com,(614) 555-0187,(614) 555-0196,65 E State St,Suite 1100,Fairbanks,AK,99701,16%,Scioto Valley Hauling Co,Scioto Valley Hauling,Corporation,,,,,,,4100 Airport Dr,Unit 12,Beckley,WV,25574,dispatch@sciotovalleyhauling.com,(614) 555-0188,Yes,,,,,,No,2003.0,Contract Carriers,,Yes,MC-832614,Both,Yes,23,31-7694028,4100 Airport Dr,Unit 12,Beckley,WV,25574,No,,,,,
TS-065,MD,No,No,No,Apollo,Yes,Yes,No,No,New Business,MD-POL-202600065,07/08/2026,07/03/2026,Lily Anderson,,5,0,Higher manual surcharge for hazardous materials exposure and dense urban delivery territory.,Commonwealth Motor Lines Agency,CMLA4872,Tara Nguyen,tara.nguyen@commonwealthmotorlines.com,(804) 555-0126,(804) 555-0193,700 E Main St,Suite 1600,Mesa,AZ,85201,18.50%,James River Transport Services,James River Transport,LLC,,,,,,,1400 Chamberlayne Pkwy,Warehouse 3,Bladensburg,MD,20710,info@jamesrivertransport.com,(804) 555-0127,Yes,,,,,,No,2015.0,Owner of Cargo,,,MC-515938,,No,11,54-1938574,1400 Chamberlayne Pkwy,Warehouse 3,Rockville,MD,21597,No,,,,,
TS-066,VA,No,No,No,Apollo,Yes,Yes,No,No,New Business,VA-POL-202600066,08/23/2026,07/03/2026,Mason Turner,,0,3,"Credit for stable operations, garage security, and strong hiring controls.",Peachtree Cargo Insurance,PCI6241,Jasmine Patel,jasmine.patel@peachtreecargo.com,(404) 555-0173,(404) 555-0190,1155 Peachtree St NE,Suite 2600,Little Rock,AR,72201,13.50%,Magnolia Interstate Freight Trust,Magnolia Interstate Freight,Partnership,,,,,,,2800 Campbellton Rd SW,Building 9,Stafford,VA,22555,contact@magnoliaisfreight.com,(404) 555-0174,No,4200 Essington Ave,Building 9,Philadelphia,PA,19148.0,No,1999.0,Common Carriers,,No,MC-907162,State,Yes,27,58-6402193,2800 Campbellton Rd SW,Building 9,Virginia Beach,VA,22735,No,,,,,
TS-067,NC,No,No,No,Apollo,Yes,Yes,No,No,New Business,NC-POL-202600067,07/07/2026,07/03/2026,Harper Davis,,2,0,Surcharge due to occasional night runs and higher-than-average urban congestion.,Keystone Commercial Brokers,KCB3184,Noah Brooks,noah.brooks@keystonecommercialbrokers.com,(215) 555-0162,(215) 555-0192,1600 Market St,Suite 500,San Diego,CA,92101,10.50%,Allegheny Valley Distribution LLC,Allegheny Valley Distribution,Joint Venture,,,,,,,4200 N 2nd St,Unit 6,Winston-Salem,NC,27115,fleet@alleghenyvalleydistribution.com,(215) 555-0163,Yes,,,,,,No,2011.0,Private Carrier,,No,MC-380471,Federal,Yes,15,23-7159046,4200 N 2nd St,Unit 6,Durham,NC,27760,No,,,,,
TS-068,PA,No,No,No,Apollo,Yes,Yes,No,No,New Business,PA-POL-202600068,07/04/2026,07/03/2026,Owen Martin,,0,1,Minor credit for centralized maintenance schedule and driver scorecard program.,Carolinas Freight Solutions,CFS5520,Hannah Scott,hannah.scott@carolinasfreightsolutions.com,(704) 555-0118,(704) 555-0195,525 N Tryon St,Suite 1800,Boulder,CO,80302,19%,Pinehurst Cargo Exchange,Pinehurst Cargo Exchange,Trust,Robert Young,2300 E Craig Rd,Warehouse 4,Locust Grove,VA,22508.0,1900 Freedom Dr,Building 2,Philadelphia,PA,19181,info@pinehurstcargoexchange.com,(704) 555-0119,Yes,,,,,,Yes,,Other,"Auto Transport Carrier providing insured transportation services across commercial routes, operating compliant vehicles, trained drivers, cargo tracking, and scheduled pickup and delivery for diverse customer shipments.",,MC-661480,Both,Yes,2,56-3820149,1900 Freedom Dr,Building 2,Allentown,PA,15462,No,,,,,
TS-069,NC,No,No,No,Apollo,Yes,Yes,No,No,New Business,NC-POL-202600069,07/10/2026,07/03/2026,Ava Thompson,,4,0,Manual surcharge for mixed local/regional operations and multiple terminal stops.,Chesapeake Freight Partners,CFP1047,Miguel Torres,miguel.torres@chesapeakefreightpartners.com,(410) 555-0158,(410) 555-0190,1 E Pratt St,Suite 1200,Hartford,CT,6103,15.50%,Harbor Point Freight Corp,Harbor Point Freight,Estate,,,,,,,2500 Broening Hwy,Dock 2,Raleigh,NC,27661,admin@harborpointfreight.com,(410) 555-0159,Yes,,,,,,No,2009.0,Contract Carriers,,Yes,MC-745209,,No,17,52-6083174,2500 Broening Hwy,Dock 2,Raleigh,NC,27682,No,,,,,
TS-070,DE,No,No,No,Apollo,Yes,Yes,No,No,New Business,DE-POL-202600070,07/20/2026,07/03/2026,Benjamin Carter,,1,0,Surcharge due to seasonal routing and limited prior commercial auto tenure.,Delaware Coastal Insurance Group,DCIG8705,Priya Shah,priya.shah@delawarecoastal.com,(302) 555-0143,(302) 555-0194,800 N King St,Suite 300,Orlando,FL,32801,12%,First State Relay LLC,First State Relay,Individual,,,,,,,1100 N Orange St,Floor 7,Bear,DE,19701,dispatch@firststaterelay.com,(302) 555-0144,Yes,,,,,,No,2017.0,Owner of Cargo,,,MC-639850,State,Yes,9,83-4916207,1100 N Orange St,Floor 7,Middletown,DE,20276,No,,,,,
TS-071,WV,No,No,No,Apollo,Yes,Yes,No,No,New Business,WV-POL-202600071,07/12/2026,07/03/2026,Chloe Bennett,,2,0,Surcharge for new account with limited verified operational history.,Atlantic Piedmont Brokers,APB4629,Kevin Murphy,kevin.murphy@atlanticpiedmontbrokers.com,(919) 555-0122,(919) 555-0198,421 Fayetteville St,Suite 900,Tampa,FL,33602,17%,Triangle Metro Transport,Triangle Metro Transport,Corporation,,,,,,,9000 Glenwood Ave,Building D,Huntington,WV,25390,fleet@trianglemetrotransport.com,(919) 555-0123,No,908 Liberty Ave,Suite 500,Greensboro,NC,27406.0,No,2005.0,Private Carrier,,No,MC-428915,Federal,Yes,21,20-5831476,9000 Glenwood Ave,Building D,Huntington,WV,25390,No,,,,,
TS-072,NC,No,No,No,Apollo,Yes,Yes,No,No,New Business,NC-POL-202600072,08/31/2026,07/03/2026,Mason Turner,,0,2,Credit for disciplined maintenance intervals and no preventable accidents in prior term.,Palmetto Freight Agency,PFA3381,Sofia Hernandez,sofia.hernandez@palmettofreightagency.com,(803) 555-0155,(803) 555-0191,1201 Main St,Suite 700,Atlanta,GA,30303,20%,Lowcountry Freight Trust,Lowcountry Freight,LLC,,,,,,,3550 Broad River Rd,Unit 4,Greensboro,NC,27406,admin@lowcountryfreight.com,(803) 555-0156,Yes,,,,,,No,1996.0,Common Carriers,,No,MC-590284,Both,Yes,30,57-2409861,3550 Broad River Rd,Unit 4,Greensboro,NC,27649,No,,,,,
TS-073,DE,No,No,No,Apollo,Yes,Yes,No,No,New Business,DE-POL-202600073,07/15/2026,07/03/2026,Lily Anderson,,4,0,Manual surcharge for desert route exposure and higher tire/maintenance risk.,Desert Ridge Transportation Services,DRTS9416,Autumn Green,autumn.green@desertridgetransportation.com,(602) 555-0107,(602) 555-0192,2201 N 7th St,Suite 110,Idaho Falls,ID,83402,11.50%,Cactus Canyon Carrier Group,Cactus Canyon Carrier,Partnership,,,,,,,4902 S 40th St,Warehouse 2,Newark,DE,19702,support@cactuscanyoncarrier.com,(602) 555-0108,Yes,,,,,,No,2014.0,Owner of Cargo,,,MC-784561,,No,12,86-1529407,4902 S 40th St,Warehouse 2,Newark,DE,20104,No,,,,,
TS-074,VA,No,No,No,Apollo,Yes,Yes,No,No,New Business,VA-POL-202600074,08/09/2026,07/03/2026,Harper Davis,,1,0,Surcharge for increasing local delivery density and mixed trailer configurations.,Southern Freight Risk Services,SFRS1178,Caleb Johnson,caleb.johnson@southernfreightrisk.com,(770) 555-0131,(770) 555-0199,600 Peachtree St NE,Suite 800,Peoria,IL,61602,13%,Georgia Piedmont Haulers Inc,Georgia Piedmont Haulers,Joint Venture,,,,,,,1500 Aviation Blvd,Hangar 4,Edwardsville,VA,22456,fleet@georgiapiedmonthaulers.com,(770) 555-0132,Yes,,,,,,No,2000.0,Contract Carriers,,Yes,MC-319475,State,Yes,26,58-7391064,1500 Aviation Blvd,Hangar 4,Virginia Beach,VA,22668,No,,,,,
TS-075,DE,No,No,No,Apollo,Yes,Yes,No,No,New Business,DE-POL-202600075,08/10/2026,07/03/2026,Owen Martin,,0,12,Minor credit for secure fenced parking and robust DOT compliance records.,Silver State Fleet Advisors,SSFA6082,Tyler Johnson,mia.walker@silverstatefleetadvisors.com,(702) 555-0161,(702) 555-0197,3960 Howard Hughes Pkwy,Suite 520,Chicago,IL,60602,18%,Red Rock Transport Estate,Red Rock Transport,Trust,Evan Carter,4101 E Broadway Rd,Suite 12,Charleston,WV,25098.0,5000 Industrial Rd,Building 8,Hockessin,DE,19707,operations@redrocktransport.com,(702) 555-0162,Yes,,,,,,No,2018.0,Other,"Interstate Cargo Carrier providing insured transportation services across commercial routes, operating compliant vehicles, trained drivers, cargo tracking, and scheduled pickup and delivery for diverse customer shipments.",,MC-856403,Federal,Yes,8,88-3047195,5000 Industrial Rd,Building 8,Middletown,DE,20424,No,,,,,
TS-076,DE,No,No,No,Apollo,Yes,Yes,No,No,New Business,DE-POL-202600076,07/11/2026,07/03/2026,Ava Thompson,,2,12,Surcharge due to short-haul interstate patterns and limited reserve vehicle availability.,Diamond State Transport Brokers,DSTB7743,Liam Foster,liam.foster@diamondstatetransport.com,(302) 555-0188,(302) 555-0195,9 W 10th St,Suite 410,Cedar Rapids,IA,52401,10.50%,Brandywine Logistics Partners,Brandywine Logistics,Estate,,,,,,,201 S Market St,Floor 3,Milford,DE,19963,info@brandywinelogistics.com,(302) 555-0189,Yes,,,,,,No,2013.0,Private Carrier,,Yes,MC-478920,Both,Yes,13,81-6592043,201 S Market St,Floor 3,Milford,DE,20398,No,,,,,
TS-077,VA,No,No,No,Apollo,Yes,Yes,No,No,New Business,VA-POL-202600077,08/09/2026,07/03/2026,Benjamin Carter,,3,12,Manual surcharge for higher mileage utilization and multi-state service area.,Heartland Cargo Underwriting,HCU5194,Grace Lee,grace.lee@heartlandcargo.com,(513) 555-0149,(513) 555-0190,312 Walnut St,Suite 1500,Davenport,IA,52801,16.50%,Riverbend Dedicated Transport,Riverbend Dedicated Transport,Individual,,,,,,,6000 Este Ave,Dock 7,Stafford,VA,22555,dispatch@riverbenddedicated.com,(513) 555-0150,Yes,,,,,,No,2006.0,Common Carriers,,Yes,MC-630517,,No,20,31-9504682,6000 Este Ave,Dock 7,Roanoke,VA,22416,No,,,,,
TS-078,VA,No,No,No,Apollo,Yes,Yes,No,No,New Business,VA-POL-202600078,08/17/2026,07/03/2026,Chloe Bennett,,0,14,Credit for exemplary loss control documentation and annual defensive driving certification.,Blue Ridge Freight Consultants,BRFC8306,Ethan Price,ethan.price@blueridgefreightconsultants.com,(828) 555-0179,(828) 555-0193,34 Patton Ave,Suite 600,Wichita,KS,67202,19.50%,Asheville Mountain Transport LLC,Asheville Mountain Transport,Corporation,,,,,,,2100 Smoky Park Hwy,Unit 8,Fredericksburg,VA,22402,hello@ashevillemountaintransport.com,(828) 555-0180,Yes,,,,,,No,2019.0,Owner of Cargo,,,MC-251684,State,Yes,7,56-8193047,2100 Smoky Park Hwy,Unit 8,Norfolk,VA,22902,No,,,,,
TS-079,MD,No,No,No,Apollo,Yes,Yes,No,No,New Business,MD-POL-202600079,07/29/2026,07/03/2026,Mason Turner,,2,12,Surcharge for extended operating radius and variable seasonal cargo volumes.,Coastal Carolinas Risk Partners,CCRP2751,Alyssa Morgan,alyssa.morgan@coastalcarolinasrisk.com,(843) 555-0114,(843) 555-0197,1483 Palm Blvd,Suite 210,Lexington,KY,40507,12%,Sea Island Freight Services,Sea Island Freight,LLC,,,,,,,920 Remount Rd,Building 1,Lothian,MD,20711,contact@seaislandfreight.com,(843) 555-0115,Yes,,,,,,No,2004.0,Contract Carriers,,Yes,MC-990154,Federal,Yes,22,57-0862419,920 Remount Rd,Building 1,Frederick,MD,21034,No,,,,,
TS-080,VA,No,No,No,Apollo,Yes,Yes,No,No,New Business,VA-POL-202600080,08/04/2026,07/03/2026,Lily Anderson,,5,0,Higher surcharge for heavy oilfield service exposure and long-distance routes.,Metroplex Fleet Coverage,MFC8820,Jordan Reed,jordan.reed@metroplexfleetcoverage.com,(817) 555-0138,(817) 555-0194,777 Main St,Suite 2400,Shreveport,LA,71101,14%,North Texas Bulk Transport Inc,North Texas Bulk Transport,Partnership,,,,,,,6200 Jack Newell Blvd S,Yard 19,Spotsylvania,VA,22553,admin@northtexasbulktransport.com,(817) 555-0139,No,4101 Park Ave,Floor 4,Winston-Salem,NC,27115.0,No,1993.0,Common Carriers,,Yes,MC-402786,Both,Yes,33,75-9814306,6200 Jack Newell Blvd S,Yard 19,Richmond,VA,22023,No,,,,,
